date,nav
2001-12-18,1.0
2001-12-21,1.0
2001-12-28,1.0
2002-01-04,1.0
2002-01-11,1.001
2002-01-18,1.0
2002-01-25,1.005
2002-01-30,1.002
2002-01-31,1.002
2002-02-01,1.009
2002-02-04,1.011
2002-02-05,1.012
2002-02-06,1.009
2002-02-07,1.012
2002-02-08,1.012
2002-02-25,1.014
2002-02-26,1.015
2002-02-27,1.015
2002-02-28,1.013
2002-03-01,1.011
2002-03-04,1.013
2002-03-05,1.019
2002-03-06,1.02
2002-03-07,1.026
2002-03-08,1.031
2002-03-11,1.036
2002-03-12,1.03
2002-03-13,1.025
2002-03-14,1.034
2002-03-15,1.025
2002-03-18,1.027
2002-03-19,1.035
2002-03-20,1.039
2002-03-21,1.04
2002-03-22,1.036
2002-03-25,1.036
2002-03-26,1.03
2002-03-27,1.032
2002-03-28,1.032
2002-03-29,1.023
2002-03-31,1.023
2002-04-01,1.024
2002-04-02,1.019
2002-04-03,1.02
2002-04-04,1.03
2002-04-05,1.029
2002-04-08,1.029
2002-04-09,1.041
2002-04-10,1.045
2002-04-11,1.04
2002-04-12,1.042
2002-04-15,1.041
2002-04-16,1.04
2002-04-17,1.042
2002-04-18,1.037
2002-04-19,1.039
2002-04-22,1.037
2002-04-23,1.036
2002-04-24,1.031
2002-04-25,1.033
2002-04-26,1.038
2002-04-29,1.045
2002-04-30,1.046
2002-05-08,1.043
2002-05-09,1.043
2002-05-10,1.042
2002-05-13,1.037
2002-05-14,1.037
2002-05-15,1.034
2002-05-16,1.025
2002-05-17,1.031
2002-05-20,1.025
2002-05-21,1.036
2002-05-22,1.033
2002-05-23,1.035
2002-05-24,1.033
2002-05-27,1.036
2002-05-28,1.037
2002-05-29,1.029
2002-05-30,1.03
2002-05-31,1.027
2002-06-03,1.018
2002-06-04,1.02
2002-06-05,1.012
2002-06-06,1.031
2002-06-07,1.033
2002-06-10,1.03
2002-06-11,1.033
2002-06-12,1.03
2002-06-13,1.024
2002-06-14,1.018
2002-06-17,1.018
2002-06-18,1.028
2002-06-19,1.022
2002-06-20,1.025
2002-06-21,1.042
2002-06-24,1.086
2002-06-25,1.087
2002-06-26,1.065
2002-06-27,1.065
2002-06-28,1.073
2002-06-30,1.073
2002-07-01,1.07
2002-07-02,1.072
2002-07-03,1.072
2002-07-04,1.067
2002-07-05,1.069
2002-07-08,1.072
2002-07-09,1.071
2002-07-10,1.063
2002-07-11,1.062
2002-07-12,1.063
2002-07-15,1.059
2002-07-16,1.058
2002-07-17,1.059
2002-07-18,1.061
2002-07-19,1.063
2002-07-22,1.055
2002-07-23,1.053
2002-07-24,1.052
2002-07-25,1.049
2002-07-26,1.049
2002-07-29,1.051
2002-07-30,1.051
2002-07-31,1.045
2002-08-01,1.047
2002-08-02,1.048
2002-08-05,1.046
2002-08-06,1.05
2002-08-07,1.05
2002-08-08,1.047
2002-08-09,1.043
2002-08-12,1.038
2002-08-13,1.038
2002-08-14,1.043
2002-08-15,1.04
2002-08-16,1.042
2002-08-19,1.042
2002-08-20,1.051
2002-08-21,1.052
2002-08-22,1.058
2002-08-23,1.056
2002-08-26,1.052
2002-08-27,1.056
2002-08-28,1.054
2002-08-29,1.05
2002-08-30,1.05
2002-09-02,1.051
2002-09-03,1.054
2002-09-04,1.051
2002-09-05,1.043
2002-09-06,1.04
2002-09-09,1.037
2002-09-10,1.037
2002-09-11,1.035
2002-09-12,1.037
2002-09-13,1.038
2002-09-16,1.027
2002-09-17,1.028
2002-09-18,1.024
2002-09-19,1.032
2002-09-20,1.027
2002-09-23,1.026
2002-09-24,1.025
2002-09-25,1.026
2002-09-26,1.023
2002-09-27,1.021
2002-09-30,1.02
2002-10-08,1.014
2002-10-09,1.008
2002-10-10,1.004
2002-10-11,1.002
2002-10-14,1.003
2002-10-15,1.0
2002-10-16,1.004
2002-10-17,0.997
2002-10-18,0.998
2002-10-21,1.0
2002-10-22,1.005
2002-10-23,1.004
2002-10-24,1.0
2002-10-25,0.996
2002-10-28,0.989
2002-10-29,0.991
2002-10-30,0.991
2002-10-31,0.99
2002-11-01,0.992
2002-11-04,1.0
2002-11-05,1.007
2002-11-06,1.004
2002-11-07,1.005
2002-11-08,0.997
2002-11-11,0.994
2002-11-12,0.992
2002-11-13,0.992
2002-11-14,0.986
2002-11-15,0.986
2002-11-18,0.983
2002-11-19,0.985
2002-11-20,0.977
2002-11-21,0.968
2002-11-22,0.969
2002-11-25,0.97
2002-11-26,0.962
2002-11-27,0.963
2002-11-28,0.973
2002-11-29,0.976
2002-12-02,0.966
2002-12-03,0.97
2002-12-04,0.971
2002-12-05,0.969
2002-12-06,0.969
2002-12-09,0.968
2002-12-10,0.962
2002-12-11,0.96
2002-12-12,0.961
2002-12-13,0.964
2002-12-16,0.966
2002-12-17,0.968
2002-12-18,0.966
2002-12-19,0.966
2002-12-20,0.971
2002-12-23,0.971
2002-12-24,0.971
2002-12-25,0.968
2002-12-26,0.956
2002-12-27,0.954
2002-12-30,0.947
2002-12-31,0.945
2003-01-02,0.933
2003-01-03,0.933
2003-01-06,0.937
2003-01-07,0.935
2003-01-08,0.954
2003-01-09,0.964
2003-01-10,0.959
2003-01-13,0.96
2003-01-14,0.993
2003-01-15,1.0
2003-01-16,1.008
2003-01-17,1.004
2003-01-20,1.006
2003-01-21,0.999
2003-01-22,0.998
2003-01-23,0.996
2003-01-24,1.003
2003-01-27,1.008
2003-01-28,1.01
2003-01-29,1.01
2003-02-10,1.004
2003-02-11,1.007
2003-02-12,1.011
2003-02-13,1.009
2003-02-14,1.011
2003-02-17,1.007
2003-02-18,1.007
2003-02-19,1.01
2003-02-20,1.011
2003-02-21,1.004
2003-02-24,1.005
2003-02-25,1.013
2003-02-26,1.014
2003-02-27,1.013
2003-02-28,1.014
2003-03-03,1.02
2003-03-04,1.019
2003-03-05,1.02
2003-03-06,1.014
2003-03-07,1.013
2003-03-10,1.005
2003-03-11,1.005
2003-03-12,1.008
2003-03-13,1.006
2003-03-14,1.006
2003-03-17,1.006
2003-03-18,1.004
2003-03-19,1.006
2003-03-20,1.005
2003-03-21,1.01
2003-03-24,1.01
2003-03-25,1.005
2003-03-26,1.004
2003-03-27,1.018
2003-03-28,1.016
2003-03-31,1.023
2003-04-01,1.028
2003-04-02,1.028
2003-04-03,1.025
2003-04-04,1.028
2003-04-07,1.024
2003-04-08,1.026
2003-04-09,1.042
2003-04-10,1.045
2003-04-11,1.057
2003-04-14,1.073
2003-04-15,1.083
2003-04-16,1.074
2003-04-17,1.081
2003-04-18,1.073
2003-04-21,1.057
2003-04-22,1.055
2003-04-23,1.043
2003-04-24,1.028
2003-04-25,1.019
2003-04-28,1.039
2003-04-29,1.028
2003-04-30,1.03
2003-05-12,1.033
2003-05-13,1.02
2003-05-14,1.03
2003-05-15,1.043
2003-05-16,1.043
2003-05-19,1.046
2003-05-20,1.037
2003-05-21,1.037
2003-05-22,1.04
2003-05-23,1.046
2003-05-26,1.049
2003-05-27,1.048
2003-05-28,1.042
2003-05-29,1.05
2003-05-30,1.053
2003-06-02,1.055
2003-06-03,1.049
2003-06-04,1.055
2003-06-05,1.046
2003-06-06,1.039
2003-06-09,1.031
2003-06-10,1.034
2003-06-11,1.044
2003-06-12,1.043
2003-06-13,1.046
2003-06-16,1.042
2003-06-17,1.038
2003-06-18,1.036
2003-06-19,1.029
2003-06-20,1.023
2003-06-23,1.017
2003-06-24,1.017
2003-06-25,0.98
2003-06-26,0.986
2003-06-27,0.975
2003-06-30,0.973
2003-07-01,0.97
2003-07-02,0.978
2003-07-03,0.98
2003-07-04,0.979
2003-07-07,0.982
2003-07-08,0.985
2003-07-09,0.982
2003-07-10,0.995
2003-07-11,0.994
2003-07-14,0.992
2003-07-15,0.994
2003-07-16,0.997
2003-07-17,1.003
2003-07-18,0.989
2003-07-21,0.988
2003-07-22,0.989
2003-07-23,0.993
2003-07-24,0.988
2003-07-25,0.982
2003-07-28,0.981
2003-07-29,0.984
2003-07-30,0.986
2003-07-31,0.986
2003-08-01,0.985
2003-08-04,0.991
2003-08-05,0.99
2003-08-06,0.984
2003-08-07,0.985
2003-08-08,0.976
2003-08-11,0.978
2003-08-12,0.982
2003-08-13,0.974
2003-08-14,0.968
2003-08-15,0.965
2003-08-18,0.965
2003-08-19,0.967
2003-08-20,0.964
2003-08-21,0.963
2003-08-22,0.961
2003-08-25,0.955
2003-08-26,0.956
2003-08-27,0.953
2003-08-28,0.95
2003-08-29,0.954
2003-09-01,0.968
2003-09-02,0.965
2003-09-03,0.961
2003-09-04,0.959
2003-09-05,0.951
2003-09-08,0.95
2003-09-09,0.946
2003-09-10,0.948
2003-09-11,0.95
2003-09-12,0.944
2003-09-15,0.937
2003-09-16,0.939
2003-09-17,0.932
2003-09-18,0.932
2003-09-19,0.932
2003-09-22,0.926
2003-09-23,0.929
2003-09-24,0.93
2003-09-25,0.922
2003-09-26,0.923
2003-09-29,0.915
2003-09-30,0.92
2003-10-08,0.923
2003-10-09,0.923
2003-10-10,0.938
2003-10-13,0.934
2003-10-14,0.93
2003-10-15,0.927
2003-10-16,0.919
2003-10-17,0.922
2003-10-20,0.919
2003-10-21,0.92
2003-10-22,0.939
2003-10-23,0.934
2003-10-24,0.937
2003-10-27,0.934
2003-10-28,0.941
2003-10-29,0.944
2003-10-30,0.937
2003-10-31,0.936
2003-11-03,0.946
2003-11-04,0.964
2003-11-05,0.963
2003-11-06,0.955
2003-11-07,0.943
2003-11-10,0.948
2003-11-11,0.946
2003-11-12,0.932
2003-11-13,0.927
2003-11-14,0.931
2003-11-17,0.927
2003-11-18,0.923
2003-11-19,0.929
2003-11-20,0.943
2003-11-21,0.94
2003-11-24,0.956
2003-11-25,0.955
2003-11-26,0.958
2003-11-27,0.949
2003-11-28,0.955
2003-12-01,0.969
2003-12-02,0.97
2003-12-03,0.973
2003-12-04,0.978
2003-12-05,0.979
2003-12-08,0.974
2003-12-09,0.973
2003-12-10,0.989
2003-12-11,0.994
2003-12-12,0.992
2003-12-15,0.991
2003-12-16,0.991
2003-12-17,0.984
2003-12-18,0.996
2003-12-19,1.003
2003-12-22,1.025
2003-12-23,1.034
2003-12-24,1.053
2003-12-25,1.055
2003-12-26,1.052
2003-12-29,1.038
2003-12-30,1.044
2003-12-31,1.034
2004-01-02,1.046
2004-01-05,1.091
2004-01-06,1.109
2004-01-07,1.113
2004-01-08,1.125
2004-01-09,1.115
2004-01-12,1.138
2004-01-13,1.132
2004-01-14,1.116
2004-01-15,1.119
2004-01-16,1.127
2004-01-29,1.136
2004-01-30,1.118
2004-02-02,1.136
2004-02-03,1.142
2004-02-04,1.167
2004-02-05,1.163
2004-02-06,1.154
2004-02-09,1.168
2004-02-10,1.16
2004-02-11,1.151
2004-02-12,1.144
2004-02-13,1.15
2004-02-16,1.173
2004-02-17,1.169
2004-02-18,1.18
2004-02-19,1.176
2004-02-20,1.174
2004-02-23,1.151
2004-02-24,1.163
2004-02-25,1.143
2004-02-26,1.152
2004-02-27,1.167
2004-03-01,1.174
2004-03-02,1.169
2004-03-03,1.154
2004-03-04,1.159
2004-03-05,1.154
2004-03-08,1.145
2004-03-09,1.152
2004-03-10,1.173
2004-03-11,1.18
2004-03-12,1.185
2004-03-15,1.209
2004-03-16,1.212
2004-03-17,1.209
2004-03-18,1.195
2004-03-19,1.213
2004-03-22,1.215
2004-03-23,1.204
2004-03-24,1.203
2004-03-25,1.204
2004-03-26,1.205
2004-03-29,1.196
2004-03-30,1.194
2004-03-31,1.2
2004-04-01,1.211
2004-04-02,1.219
2004-04-05,1.217
2004-04-06,1.224
2004-04-07,1.221
2004-04-08,1.219
2004-04-09,1.198
2004-04-12,1.191
2004-04-13,1.18
2004-04-14,1.173
2004-04-15,1.167
2004-04-16,1.181
2004-04-19,1.175
2004-04-20,1.17
2004-04-21,1.154
2004-04-22,1.16
2004-04-23,1.149
2004-04-26,1.156
2004-04-27,1.147
2004-04-28,1.137
2004-04-29,1.12
2004-04-30,1.127
2004-05-10,1.095
2004-05-11,1.099
2004-05-12,1.121
2004-05-13,1.118
2004-05-14,1.103
2004-05-17,1.094
2004-05-18,1.097
2004-05-19,1.095
2004-05-20,1.092
2004-05-21,1.1
2004-05-24,1.098
2004-05-25,1.085
2004-05-26,1.09
2004-05-27,1.109
2004-05-28,1.106
2004-05-31,1.108
2004-06-01,1.12
2004-06-02,1.111
2004-06-03,1.101
2004-06-04,1.096
2004-06-07,1.084
2004-06-08,1.075
2004-06-09,1.068
2004-06-10,1.074
2004-06-11,1.073
2004-06-14,1.058
2004-06-15,1.07
2004-06-16,1.075
2004-06-17,1.059
2004-06-18,1.046
2004-06-21,1.045
2004-06-22,1.053
2004-06-23,1.042
2004-06-24,1.04
2004-06-25,1.0
2004-06-28,0.995
2004-06-29,1.012
2004-06-30,1.015
2004-07-01,1.038
2004-07-02,1.039
2004-07-05,1.041
2004-07-06,1.042
2004-07-07,1.035
2004-07-08,1.037
2004-07-09,1.036
2004-07-12,1.025
2004-07-13,1.031
2004-07-14,1.039
2004-07-15,1.05
2004-07-16,1.063
2004-07-19,1.065
2004-07-20,1.06
2004-07-21,1.063
2004-07-22,1.044
2004-07-23,1.043
2004-07-26,1.034
2004-07-27,1.028
2004-07-28,1.031
2004-07-29,1.039
2004-07-30,1.032
2004-08-02,1.025
2004-08-03,1.016
2004-08-04,1.037
2004-08-05,1.029
2004-08-06,1.032
2004-08-09,1.038
2004-08-10,1.039
2004-08-11,1.032
2004-08-12,1.027
2004-08-13,1.027
2004-08-16,1.022
2004-08-17,1.026
2004-08-18,1.027
2004-08-19,1.025
2004-08-20,1.026
2004-08-23,1.014
2004-08-24,1.018
2004-08-25,1.016
2004-08-26,1.016
2004-08-27,1.008
2004-08-30,1.004
2004-08-31,1.014
2004-09-01,1.004
2004-09-02,1.003
2004-09-03,1.001
2004-09-06,0.998
2004-09-07,1.001
2004-09-08,0.993
2004-09-09,0.981
2004-09-10,0.984
2004-09-13,0.974
2004-09-14,0.993
2004-09-15,1.018
2004-09-16,1.025
2004-09-17,1.048
2004-09-20,1.067
2004-09-21,1.061
2004-09-22,1.052
2004-09-23,1.076
2004-09-24,1.07
2004-09-27,1.073
2004-09-28,1.079
2004-09-29,1.072
2004-09-30,1.064
2004-10-08,1.077
2004-10-11,1.071
2004-10-12,1.054
2004-10-13,1.055
2004-10-14,1.033
2004-10-15,1.035
2004-10-18,1.036
2004-10-19,1.041
2004-10-20,1.045
2004-10-21,1.037
2004-10-22,1.048
2004-10-25,1.037
2004-10-26,1.046
2004-10-27,1.056
2004-10-28,1.053
2004-10-29,1.042
2004-11-01,1.037
2004-11-02,1.033
2004-11-03,1.042
2004-11-04,1.029
2004-11-05,1.025
2004-11-08,1.027
2004-11-09,1.03
2004-11-10,1.057
2004-11-11,1.05
2004-11-12,1.055
2004-11-15,1.065
2004-11-16,1.069
2004-11-17,1.062
2004-11-18,1.068
2004-11-19,1.073
2004-11-22,1.071
2004-11-23,1.06
2004-11-24,1.058
2004-11-25,1.058
2004-11-26,1.058
2004-11-29,1.052
2004-11-30,1.052
2004-12-01,1.045
2004-12-02,1.037
2004-12-03,1.037
2004-12-06,1.035
2004-12-07,1.029
2004-12-08,1.032
2004-12-09,1.041
2004-12-10,1.036
2004-12-13,1.033
2004-12-14,1.034
2004-12-15,1.042
2004-12-16,1.042
2004-12-17,1.033
2004-12-20,1.017
2004-12-21,1.015
2004-12-22,1.033
2004-12-23,1.026
2004-12-24,1.029
2004-12-27,1.029
2004-12-28,1.004
2004-12-29,1.004
2004-12-30,1.009
2004-12-31,1.013
2005-01-04,0.995
2005-01-05,0.998
2005-01-06,0.991
2005-01-07,0.989
2005-01-10,0.992
2005-01-11,0.994
2005-01-12,0.999
2005-01-13,1.001
2005-01-14,0.995
2005-01-17,0.985
2005-01-18,0.987
2005-01-19,0.976
2005-01-20,0.971
2005-01-21,0.994
2005-01-24,1.005
2005-01-25,1.009
2005-01-26,1.005
2005-01-27,0.996
2005-01-28,0.996
2005-01-31,0.992
2005-02-01,0.99
2005-02-02,1.028
2005-02-03,1.021
2005-02-04,1.04
2005-02-16,1.044
2005-02-17,1.034
2005-02-18,1.026
2005-02-21,1.039
2005-02-22,1.052
2005-02-23,1.045
2005-02-24,1.038
2005-02-25,1.041
2005-02-28,1.031
2005-03-01,1.027
2005-03-02,1.018
2005-03-03,1.02
2005-03-04,1.018
2005-03-07,1.018
2005-03-08,1.026
2005-03-09,1.022
2005-03-10,1.012
2005-03-11,1.018
2005-03-14,1.028
2005-03-15,1.015
2005-03-16,1.005
2005-03-17,0.994
2005-03-18,0.99
2005-03-21,0.986
2005-03-22,0.988
2005-03-23,0.987
2005-03-24,0.987
2005-03-25,0.989
2005-03-28,0.988
2005-03-29,0.984
2005-03-30,0.984
2005-03-31,0.985
2005-04-01,1.008
2005-04-04,0.997
2005-04-05,0.997
2005-04-06,1.01
2005-04-07,1.014
2005-04-08,1.021
2005-04-11,1.01
2005-04-12,1.007
2005-04-13,1.016
2005-04-14,1.01
2005-04-15,1.006
2005-04-18,1.001
2005-04-19,1.004
2005-04-20,1.0
2005-04-21,0.999
2005-04-22,0.997
2005-04-25,0.995
2005-04-26,0.993
2005-04-27,0.994
2005-04-28,1.005
2005-04-29,1.003
2005-05-09,0.985
2005-05-10,0.989
2005-05-11,0.973
2005-05-12,0.962
2005-05-13,0.952
2005-05-16,0.942
2005-05-17,0.952
2005-05-18,0.947
2005-05-19,0.95
2005-05-20,0.952
2005-05-23,0.941
2005-05-24,0.942
2005-05-25,0.936
2005-05-26,0.92
2005-05-27,0.901
2005-05-30,0.903
2005-05-31,0.904
2005-06-01,0.888
2005-06-02,0.859
2005-06-03,0.861
2005-06-06,0.884
2005-06-07,0.882
2005-06-08,0.938
2005-06-09,0.941
2005-06-10,0.922
2005-06-13,0.918
2005-06-14,0.914
2005-06-15,0.907
2005-06-16,0.917
2005-06-17,0.921
2005-06-20,0.94
2005-06-21,0.936
2005-06-22,0.941
2005-06-23,0.936
2005-06-24,0.936
2005-06-27,0.944
2005-06-28,0.934
2005-06-29,0.929
2005-06-30,0.923
2005-07-01,0.914
2005-07-04,0.911
2005-07-05,0.912
2005-07-06,0.902
2005-07-07,0.898
2005-07-08,0.893
2005-07-11,0.889
2005-07-12,0.905
2005-07-13,0.899
2005-07-14,0.902
2005-07-15,0.897
2005-07-18,0.893
2005-07-19,0.893
2005-07-20,0.901
2005-07-21,0.902
2005-07-22,0.915
2005-07-25,0.917
2005-07-26,0.928
2005-07-27,0.937
2005-07-28,0.935
2005-07-29,0.932
2005-08-01,0.934
2005-08-02,0.937
2005-08-03,0.937
2005-08-04,0.932
2005-08-05,0.943
2005-08-08,0.942
2005-08-09,0.944
2005-08-10,0.95
2005-08-11,0.966
2005-08-12,0.955
2005-08-15,0.968
2005-08-16,0.96
2005-08-17,0.966
2005-08-18,0.95
2005-08-19,0.95
2005-08-22,0.955
2005-08-23,0.953
2005-08-24,0.957
2005-08-25,0.953
2005-08-26,0.951
2005-08-29,0.944
2005-08-30,0.944
2005-08-31,0.951
2005-09-01,0.96
2005-09-02,0.961
2005-09-05,0.962
2005-09-06,0.954
2005-09-07,0.963
2005-09-08,0.968
2005-09-09,0.965
2005-09-12,0.964
2005-09-13,0.973
2005-09-14,0.977
2005-09-15,0.977
2005-09-16,0.973
2005-09-19,0.973
2005-09-20,0.969
2005-09-21,0.958
2005-09-22,0.948
2005-09-23,0.947
2005-09-26,0.949
2005-09-27,0.942
2005-09-28,0.945
2005-09-29,0.954
2005-09-30,0.956
2005-10-10,0.953
2005-10-11,0.958
2005-10-12,0.959
2005-10-13,0.953
2005-10-14,0.942
2005-10-17,0.938
2005-10-18,0.939
2005-10-19,0.936
2005-10-20,0.941
2005-10-21,0.942
2005-10-24,0.942
2005-10-25,0.932
2005-10-26,0.923
2005-10-27,0.927
2005-10-28,0.922
2005-10-31,0.927
2005-11-01,0.927
2005-11-02,0.928
2005-11-03,0.921
2005-11-04,0.92
2005-11-07,0.916
2005-11-08,0.918
2005-11-09,0.921
2005-11-10,0.914
2005-11-11,0.917
2005-11-14,0.912
2005-11-15,0.902
2005-11-16,0.902
2005-11-17,0.903
2005-11-18,0.913
2005-11-21,0.914
2005-11-22,0.909
2005-11-23,0.913
2005-11-24,0.914
2005-11-25,0.911
2005-11-28,0.908
2005-11-29,0.902
2005-11-30,0.902
2005-12-01,0.898
2005-12-02,0.895
2005-12-05,0.887
2005-12-06,0.89
2005-12-07,0.895
2005-12-08,0.896
2005-12-09,0.907
2005-12-12,0.909
2005-12-13,0.906
2005-12-14,0.912
2005-12-15,0.913
2005-12-16,0.919
2005-12-19,0.919
2005-12-20,0.925
2005-12-21,0.924
2005-12-22,0.932
2005-12-23,0.938
2005-12-26,0.942
2005-12-27,0.941
2005-12-28,0.944
2005-12-29,0.966
2005-12-30,0.959
2005-12-31,0.959
2006-01-04,0.976
2006-01-05,0.992
2006-01-06,1.004
2006-01-09,1.007
2006-01-10,1.011
2006-01-11,1.01
2006-01-12,1.013
2006-01-13,1.006
2006-01-16,0.994
2006-01-17,0.995
2006-01-18,1.007
2006-01-19,1.013
2006-01-20,1.013
2006-01-23,1.01
2006-01-24,1.016
2006-01-25,1.028
2006-02-06,1.044
2006-02-07,1.035
2006-02-08,1.031
2006-02-09,1.022
2006-02-10,1.029
2006-02-13,1.027
2006-02-14,1.035
2006-02-15,1.036
2006-02-16,1.021
2006-02-17,1.022
2006-02-20,1.019
2006-02-21,1.029
2006-02-22,1.028
2006-02-23,1.024
2006-02-24,1.033
2006-02-27,1.038
2006-02-28,1.044
2006-03-01,1.05
2006-03-02,1.041
2006-03-03,1.043
2006-03-06,1.041
2006-03-07,1.023
2006-03-08,1.018
2006-03-09,1.017
2006-03-10,1.022
2006-03-13,1.031
2006-03-14,1.031
2006-03-15,1.042
2006-03-16,1.044
2006-03-17,1.043
2006-03-20,1.055
2006-03-21,1.059
2006-03-22,1.071
2006-03-23,1.073
2006-03-24,1.069
2006-03-27,1.074
2006-03-28,1.082
2006-03-29,1.088
2006-03-30,1.082
2006-03-31,1.096
2006-04-03,1.121
2006-04-04,1.133
2006-04-05,1.145
2006-04-06,1.15
2006-04-07,1.154
2006-04-10,1.162
2006-04-11,1.171
2006-04-12,1.164
2006-04-13,1.136
2006-04-14,1.157
2006-04-17,1.161
2006-04-18,1.165
2006-04-19,1.177
2006-04-20,1.176
2006-04-21,1.168
2006-04-24,1.186
2006-04-25,1.204
2006-04-26,1.227
2006-04-27,1.232
2006-04-28,1.264
2006-05-08,1.299
2006-05-09,1.345
2006-05-10,1.334
2006-05-11,1.333
2006-05-12,1.371
2006-05-15,1.421
2006-05-16,1.379
2006-05-17,1.366
2006-05-18,1.387
2006-05-19,1.399
2006-05-22,1.389
2006-05-23,1.336
2006-05-24,1.324
2006-05-25,1.315
2006-05-26,1.346
2006-05-29,1.343
2006-05-30,1.374
2006-05-31,1.385
2006-06-01,1.415
2006-06-02,1.38
2006-06-05,1.372
2006-06-06,1.354
2006-06-07,1.285
2006-06-08,1.263
2006-06-09,1.257
2006-06-12,1.271
2006-06-13,1.281
2006-06-14,1.276
2006-06-15,1.283
2006-06-16,1.308
2006-06-19,1.337
2006-06-20,1.348
2006-06-21,1.338
2006-06-22,1.333
2006-06-23,1.344
2006-06-26,1.352
2006-06-27,1.356
2006-06-28,1.35
2006-06-29,1.379
2006-06-30,1.381
2006-07-03,1.384
2006-07-04,1.39
2006-07-05,1.385
2006-07-06,1.419
2006-07-07,1.408
2006-07-10,1.404
2006-07-11,1.408
2006-07-12,1.42
2006-07-13,1.354
2006-07-14,1.355
2006-07-17,1.368
2006-07-18,1.364
2006-07-19,1.33
2006-07-20,1.34
2006-07-21,1.351
2006-07-24,1.357
2006-07-25,1.375
2006-07-26,1.338
2006-07-27,1.325
2006-07-28,1.309
2006-07-31,1.272
2006-08-01,1.263
2006-08-02,1.255
2006-08-03,1.246
2006-08-04,1.222
2006-08-07,1.216
2006-08-08,1.233
2006-08-09,1.236
2006-08-10,1.244
2006-08-11,1.25
2006-08-14,1.224
2006-08-15,1.235
2006-08-16,1.248
2006-08-17,1.243
2006-08-18,1.237
2006-08-21,1.241
2006-08-22,1.254
2006-08-23,1.256
2006-08-24,1.262
2006-08-25,1.267
2006-08-28,1.282
2006-08-29,1.292
2006-08-30,1.291
2006-08-31,1.265
2006-09-01,1.259
2006-09-04,1.27
2006-09-05,1.269
2006-09-06,1.271
2006-09-07,1.259
2006-09-08,1.265
2006-09-11,1.268
2006-09-12,1.272
2006-09-13,1.268
2006-09-14,1.271
2006-09-15,1.287
2006-09-18,1.298
2006-09-19,1.307
2006-09-20,1.31
2006-09-21,1.325
2006-09-22,1.323
2006-09-25,1.323
2006-09-26,1.316
2006-09-27,1.297
2006-09-28,1.311
2006-09-29,1.318
2006-09-30,1.317
2006-10-09,1.342
2006-10-10,1.338
2006-10-11,1.329
2006-10-12,1.314
2006-10-13,1.318
2006-10-16,1.298
2006-10-17,1.304
2006-10-18,1.32
2006-10-19,1.329
2006-10-20,1.33
2006-10-23,1.308
2006-10-24,1.323
2006-10-25,1.337
2006-10-26,1.34
2006-10-27,1.329
2006-10-30,1.321
2006-10-31,1.33
2006-11-01,1.336
2006-11-02,1.332
2006-11-03,1.337
2006-11-06,1.346
2006-11-07,1.343
2006-11-08,1.341
2006-11-09,1.356
2006-11-10,1.349
2006-11-13,1.327
2006-11-14,1.334
2006-11-15,1.368
2006-11-16,1.376
2006-11-17,1.396
2006-11-20,1.404
2006-11-21,1.41
2006-11-22,1.437
2006-11-23,1.439
2006-11-24,1.449
2006-11-27,1.464
2006-11-28,1.472
2006-11-29,1.492
2006-11-30,1.528
2006-12-01,1.544
2006-12-04,1.567
2006-12-05,1.565
2006-12-06,1.549
2006-12-07,1.537
2006-12-08,1.509
2006-12-11,1.558
2006-12-12,1.576
2006-12-13,1.59
2006-12-14,1.614
2006-12-15,1.646
2006-12-18,1.699
2006-12-19,1.696
2006-12-20,1.703
2006-12-21,1.684
2006-12-22,1.668
2006-12-25,1.691
2006-12-26,1.69
2006-12-27,1.719
2006-12-28,1.711
2006-12-29,1.753
2006-12-31,1.753
2007-01-04,1.753
2007-01-05,1.75
2007-01-08,1.782
2007-01-09,1.834
2007-01-10,1.854
2007-01-11,1.834
2007-01-12,0.979
2007-01-15,1.054
2007-01-16,1.066
2007-01-17,1.058
2007-01-18,1.066
2007-01-19,1.082
2007-01-22,1.106
2007-01-23,1.104
2007-01-24,1.109
2007-01-25,1.076
2007-01-26,1.096
2007-01-29,1.12
2007-01-30,1.114
2007-01-31,1.058
2007-02-01,1.062
2007-02-02,1.038
2007-02-05,1.028
2007-02-06,1.035
2007-02-07,1.05
2007-02-08,1.059
2007-02-09,1.05
2007-02-12,1.085
2007-02-13,1.098
2007-02-14,1.122
2007-02-15,1.159
2007-02-16,1.162
2007-02-26,1.168
2007-02-27,1.076
2007-02-28,1.097
2007-03-01,1.067
2007-03-02,1.082
2007-03-05,1.072
2007-03-06,1.087
2007-03-07,1.114
2007-03-08,1.125
2007-03-09,1.125
2007-03-12,1.124
2007-03-13,1.127
2007-03-14,1.115
2007-03-15,1.137
2007-03-16,1.119
2007-03-19,1.135
2007-03-20,1.133
2007-03-21,1.138
2007-03-22,1.139
2007-03-23,1.136
2007-03-26,1.154
2007-03-27,1.154
2007-03-28,1.158
2007-03-29,1.155
2007-03-30,1.156
2007-03-31,1.156
2007-04-02,1.18
2007-04-03,1.197
2007-04-04,1.208
2007-04-05,1.214
2007-04-06,1.224
2007-04-09,1.252
2007-04-10,1.264
2007-04-11,1.267
2007-04-12,1.286
2007-04-13,1.285
2007-04-16,1.318
2007-04-17,1.337
2007-04-18,1.349
2007-04-19,1.295
2007-04-20,1.342
2007-04-23,1.391
2007-04-24,1.391
2007-04-25,1.388
2007-04-26,1.403
2007-04-27,1.389
2007-04-30,1.418
2007-05-08,1.455
2007-05-09,1.458
2007-05-10,1.456
2007-05-11,1.449
2007-05-14,1.47
2007-05-15,1.431
2007-05-16,1.46
2007-05-17,1.49
2007-05-18,1.501
2007-05-21,1.525
2007-05-22,1.525
2007-05-23,1.55
2007-05-24,1.55
2007-05-25,1.57
2007-05-28,1.598
2007-05-29,1.634
2007-05-30,1.557
2007-05-31,1.592
2007-06-01,1.551
2007-06-04,1.474
2007-06-05,1.51
2007-06-06,1.537
2007-06-07,1.569
2007-06-08,1.572
2007-06-11,1.613
2007-06-12,1.655
2007-06-13,1.683
2007-06-14,1.667
2007-06-15,1.669
2007-06-18,1.7
2007-06-19,1.71
2007-06-20,1.694
2007-06-21,1.726
2007-06-22,1.7
2007-06-25,1.651
2007-06-26,1.65
2007-06-27,1.694
2007-06-28,1.63
2007-06-29,1.6
2007-06-30,1.6
2007-07-02,1.595
2007-07-03,1.62
2007-07-04,1.605
2007-07-05,1.544
2007-07-06,1.599
2007-07-09,1.647
2007-07-10,1.636
2007-07-11,1.648
2007-07-12,1.652
2007-07-13,1.651
2007-07-16,1.62
2007-07-17,1.659
2007-07-18,1.67
2007-07-19,1.668
2007-07-20,1.73
2007-07-23,1.783
2007-07-24,1.784
2007-07-25,1.798
2007-07-26,1.809
2007-07-27,1.811
2007-07-30,1.838
2007-07-31,1.849
2007-08-01,1.817
2007-08-02,1.882
2007-08-03,1.938
2007-08-06,1.959
2007-08-07,1.983
2007-08-08,1.96
2007-08-09,1.987
2007-08-10,1.961
2007-08-13,1.94
2007-08-14,1.96
2007-08-15,1.966
2007-08-16,1.945
2007-08-17,1.916
2007-08-20,1.991
2007-08-21,2.014
2007-08-22,2.049
2007-08-23,2.08
2007-08-24,2.106
2007-08-27,2.086
2007-08-28,2.09
2007-08-29,2.084
2007-08-30,2.113
2007-08-31,2.142
2007-09-03,2.168
2007-09-04,2.158
2007-09-05,2.155
2007-09-06,2.166
2007-09-07,2.142
2007-09-10,2.174
2007-09-11,2.12
2007-09-12,2.15
2007-09-13,2.188
2007-09-14,2.195
2007-09-17,2.218
2007-09-18,2.19
2007-09-19,2.17
2007-09-20,2.179
2007-09-21,2.179
2007-09-24,2.18
2007-09-25,2.175
2007-09-26,2.155
2007-09-27,2.179
2007-09-28,2.225
2007-09-30,2.225
2007-10-08,2.238
2007-10-09,2.253
2007-10-10,2.265
2007-10-11,2.279
2007-10-12,2.275
2007-10-15,2.267
2007-10-16,2.292
2007-10-17,2.263
2007-10-18,2.196
2007-10-19,2.219
2007-10-22,2.186
2007-10-23,2.205
2007-10-24,2.224
2007-10-25,2.153
2007-10-26,2.164
2007-10-29,2.196
2007-10-30,2.21
2007-10-31,2.243
2007-11-01,2.208
2007-11-02,2.153
2007-11-05,2.132
2007-11-06,2.13
2007-11-07,2.14
2007-11-08,2.083
2007-11-09,2.05
2007-11-12,2.026
2007-11-13,2.018
2007-11-14,2.073
2007-11-15,2.053
2007-11-16,2.024
2007-11-19,2.022
2007-11-20,2.034
2007-11-21,2.027
2007-11-22,1.955
2007-11-23,1.985
2007-11-26,1.981
2007-11-27,1.959
2007-11-28,1.935
2007-11-29,1.987
2007-11-30,1.957
2007-12-03,1.965
2007-12-04,1.976
2007-12-05,2.021
2007-12-06,2.027
2007-12-07,2.045
2007-12-10,2.093
2007-12-11,2.106
2007-12-12,2.091
2007-12-13,2.021
2007-12-14,2.064
2007-12-17,2.047
2007-12-18,2.032
2007-12-19,2.053
2007-12-20,2.079
2007-12-21,2.11
2007-12-24,2.143
2007-12-25,2.152
2007-12-26,2.174
2007-12-27,2.211
2007-12-28,2.213
2007-12-29,2.213
2007-12-31,2.212
2008-01-02,2.226
2008-01-03,2.246
2008-01-04,2.261
2008-01-07,2.292
2008-01-08,2.267
2008-01-09,2.302
2008-01-10,2.339
2008-01-11,2.352
2008-01-14,2.359
2008-01-15,2.344
2008-01-16,2.282
2008-01-17,2.254
2008-01-18,2.282
2008-01-21,2.204
2008-01-22,2.097
2008-01-23,1.686
2008-01-24,1.713
2008-01-25,1.733
2008-01-28,1.658
2008-01-29,1.659
2008-01-30,1.634
2008-01-31,1.6
2008-02-01,1.588
2008-02-04,1.683
2008-02-05,1.668
2008-02-13,1.64
2008-02-14,1.655
2008-02-15,1.638
2008-02-18,1.681
2008-02-19,1.713
2008-02-20,1.683
2008-02-21,1.683
2008-02-22,1.637
2008-02-25,1.596
2008-02-26,1.574
2008-02-27,1.596
2008-02-28,1.598
2008-02-29,1.61
2008-03-03,1.646
2008-03-04,1.619
2008-03-05,1.609
2008-03-06,1.621
2008-03-07,1.61
2008-03-10,1.562
2008-03-11,1.565
2008-03-12,1.534
2008-03-13,1.505
2008-03-14,1.487
2008-03-17,1.436
2008-03-18,1.384
2008-03-19,1.421
2008-03-20,1.451
2008-03-21,1.466
2008-03-24,1.423
2008-03-25,1.438
2008-03-26,1.442
2008-03-27,1.414
2008-03-28,1.456
2008-03-31,1.421
2008-04-01,1.352
2008-04-02,1.328
2008-04-03,1.354
2008-04-07,1.404
2008-04-08,1.422
2008-04-09,1.374
2008-04-10,1.399
2008-04-11,1.406
2008-04-14,1.333
2008-04-15,1.331
2008-04-16,1.307
2008-04-17,1.279
2008-04-18,1.258
2008-04-21,1.237
2008-04-22,1.236
2008-04-23,1.287
2008-04-24,1.378
2008-04-25,1.379
2008-04-28,1.358
2008-04-29,1.371
2008-04-30,1.416
2008-05-05,1.44
2008-05-06,1.432
2008-05-07,1.4
2008-05-08,1.432
2008-05-09,1.428
2008-05-12,1.428
2008-05-13,1.437
2008-05-14,1.457
2008-05-15,1.452
2008-05-16,1.443
2008-05-19,1.442
2008-05-20,1.4
2008-05-21,1.417
2008-05-22,1.407
2008-05-23,1.395
2008-05-26,1.366
2008-05-27,1.37
2008-05-28,1.392
2008-05-29,1.372
2008-05-30,1.373
2008-06-02,1.37
2008-06-03,1.371
2008-06-04,1.362
2008-06-05,1.349
2008-06-06,1.345
2008-06-10,1.292
2008-06-11,1.283
2008-06-12,1.267
2008-06-13,1.241
2008-06-16,1.23
2008-06-17,1.21
2008-06-18,1.244
2008-06-19,1.196
2008-06-20,1.209
2008-06-23,1.189
2008-06-24,1.212
2008-06-25,1.25
2008-06-26,1.26
2008-06-27,1.225
2008-06-30,1.22
2008-07-01,1.193
2008-07-02,1.195
2008-07-03,1.214
2008-07-04,1.205
2008-07-07,1.247
2008-07-08,1.257
2008-07-09,1.286
2008-07-10,1.281
2008-07-11,1.275
2008-07-14,1.283
2008-07-15,1.252
2008-07-16,1.229
2008-07-17,1.223
2008-07-18,1.242
2008-07-21,1.278
2008-07-22,1.277
2008-07-23,1.268
2008-07-24,1.29
2008-07-25,1.28
2008-07-28,1.279
2008-07-29,1.271
2008-07-30,1.263
2008-07-31,1.244
2008-08-01,1.243
2008-08-04,1.222
2008-08-05,1.202
2008-08-06,1.198
2008-08-07,1.195
2008-08-08,1.173
2008-08-11,1.142
2008-08-12,1.147
2008-08-13,1.156
2008-08-14,1.161
2008-08-15,1.152
2008-08-18,1.116
2008-08-19,1.122
2008-08-20,1.167
2008-08-21,1.141
2008-08-22,1.131
2008-08-25,1.129
2008-08-26,1.104
2008-08-27,1.095
2008-08-28,1.093
2008-08-29,1.108
2008-09-01,1.081
2008-09-02,1.064
2008-09-03,1.041
2008-09-04,1.043
2008-09-05,1.023
2008-09-08,1.002
2008-09-09,0.999
2008-09-10,0.997
2008-09-11,0.979
2008-09-12,0.982
2008-09-16,0.97
2008-09-17,0.957
2008-09-18,0.941
2008-09-19,1.0
2008-09-22,1.032
2008-09-23,0.996
2008-09-24,1.001
2008-09-25,1.027
2008-09-26,1.043
2008-09-30,1.042
2008-10-06,1.011
2008-10-07,0.995
2008-10-08,0.971
2008-10-09,0.952
2008-10-10,0.91
2008-10-13,0.925
2008-10-14,0.906
2008-10-15,0.892
2008-10-16,0.864
2008-10-17,0.867
2008-10-20,0.886
2008-10-21,0.886
2008-10-22,0.879
2008-10-23,0.888
2008-10-24,0.873
2008-10-27,0.839
2008-10-28,0.856
2008-10-29,0.843
2008-10-30,0.853
2008-10-31,0.846
2008-11-03,0.84
2008-11-04,0.828
2008-11-05,0.843
2008-11-06,0.828
2008-11-07,0.827
2008-11-10,0.859
2008-11-11,0.855
2008-11-12,0.857
2008-11-13,0.879
2008-11-14,0.903
2008-11-17,0.92
2008-11-18,0.893
2008-11-19,0.92
2008-11-20,0.916
2008-11-21,0.915
2008-11-24,0.901
2008-11-25,0.903
2008-11-26,0.904
2008-11-27,0.916
2008-11-28,0.918
2008-12-01,0.927
2008-12-02,0.93
2008-12-03,0.948
2008-12-04,0.956
2008-12-05,0.963
2008-12-08,0.981
2008-12-09,0.968
2008-12-10,0.979
2008-12-11,0.966
2008-12-12,0.944
2008-12-15,0.951
2008-12-16,0.965
2008-12-17,0.972
2008-12-18,0.982
2008-12-19,0.989
2008-12-22,0.981
2008-12-23,0.952
2008-12-24,0.944
2008-12-25,0.94
2008-12-26,0.937
2008-12-29,0.946
2008-12-30,0.946
2008-12-31,0.943
2009-01-05,0.969
2009-01-06,0.984
2009-01-07,0.982
2009-01-08,0.965
2009-01-09,0.98
2009-01-12,0.984
2009-01-13,0.962
2009-01-14,0.993
2009-01-15,0.995
2009-01-16,1.004
2009-01-19,1.005
2009-01-20,1.006
2009-01-21,1.0
2009-01-22,1.007
2009-01-23,1.009
2009-02-02,1.027
2009-02-03,1.045
2009-02-04,1.055
2009-02-05,1.045
2009-02-06,1.07
2009-02-09,1.088
2009-02-10,1.095
2009-02-11,1.098
2009-02-12,1.109
2009-02-13,1.133
2009-02-16,1.136
2009-02-17,1.102
2009-02-18,1.074
2009-02-19,1.092
2009-02-20,1.108
2009-02-23,1.135
2009-02-24,1.098
2009-02-25,1.089
2009-02-26,1.039
2009-02-27,1.019
2009-03-02,1.04
2009-03-03,1.045
2009-03-04,1.094
2009-03-05,1.092
2009-03-06,1.092
2009-03-09,1.057
2009-03-10,1.07
2009-03-11,1.06
2009-03-12,1.057
2009-03-13,1.056
2009-03-16,1.07
2009-03-17,1.104
2009-03-18,1.114
2009-03-19,1.127
2009-03-20,1.116
2009-03-23,1.138
2009-03-24,1.145
2009-03-25,1.124
2009-03-26,1.142
2009-03-27,1.149
2009-03-30,1.145
2009-03-31,1.159
2009-04-01,1.174
2009-04-02,1.184
2009-04-03,1.185
2009-04-07,1.181
2009-04-08,1.146
2009-04-09,1.162
2009-04-10,1.197
2009-04-13,1.215
2009-04-14,1.236
2009-04-15,1.236
2009-04-16,1.229
2009-04-17,1.219
2009-04-20,1.242
2009-04-21,1.228
2009-04-22,1.189
2009-04-23,1.2
2009-04-24,1.198
2009-04-27,1.166
2009-04-28,1.17
2009-04-29,1.21
2009-04-30,1.238
2009-05-04,1.274
2009-05-05,1.28
2009-05-06,1.298
2009-05-07,1.292
2009-05-08,1.296
2009-05-11,1.264
2009-05-12,1.29
2009-05-13,1.293
2009-05-14,1.29
2009-05-15,1.295
2009-05-18,1.294
2009-05-19,1.304
2009-05-20,1.301
2009-05-21,1.277
2009-05-22,1.275
2009-05-25,1.282
2009-05-26,1.272
2009-05-27,1.283
2009-06-01,1.312
2009-06-02,1.312
2009-06-03,1.344
2009-06-04,1.343
2009-06-05,1.333
2009-06-08,1.333
2009-06-09,1.333
2009-06-10,1.341
2009-06-11,1.333
2009-06-12,1.311
2009-06-15,1.335
2009-06-16,1.333
2009-06-17,1.357
2009-06-18,1.372
2009-06-19,1.378
2009-06-22,1.377
2009-06-23,1.376
2009-06-24,1.386
2009-06-25,1.388
2009-06-26,1.399
2009-06-29,1.42
2009-06-30,1.419
2009-07-01,1.458
2009-07-02,1.472
2009-07-03,1.505
2009-07-06,1.504
2009-07-07,1.48
2009-07-08,1.496
2009-07-09,1.51
2009-07-10,1.513
2009-07-13,1.495
2009-07-14,1.529
2009-07-15,1.542
2009-07-16,1.548
2009-07-17,1.556
2009-07-20,1.573
2009-07-21,1.551
2009-07-22,1.567
2009-07-23,1.587
2009-07-24,1.591
2009-07-27,1.611
2009-07-28,1.606
2009-07-29,1.543
2009-07-30,1.564
2009-07-31,1.602
2009-08-03,1.614
2009-08-04,1.616
2009-08-05,1.6
2009-08-06,1.576
2009-08-07,1.526
2009-08-10,1.526
2009-08-11,1.529
2009-08-12,1.48
2009-08-13,1.499
2009-08-14,1.475
2009-08-17,1.39
2009-08-18,1.404
2009-08-19,1.341
2009-08-20,1.387
2009-08-21,1.409
2009-08-24,1.424
2009-08-25,1.383
2009-08-26,1.408
2009-08-27,1.397
2009-08-28,1.355
2009-08-31,1.272
2009-09-01,1.275
2009-09-02,1.293
2009-09-03,1.349
2009-09-04,1.363
2009-09-07,1.368
2009-09-08,1.397
2009-09-09,1.407
2009-09-10,1.397
2009-09-11,1.424
2009-09-14,1.444
2009-09-15,1.445
2009-09-16,1.427
2009-09-17,1.444
2009-09-18,1.409
2009-09-21,1.421
2009-09-22,1.4
2009-09-23,1.37
2009-09-24,1.378
2009-09-25,1.369
2009-09-28,1.343
2009-09-29,1.351
2009-09-30,1.36
2009-10-09,1.409
2009-10-12,1.413
2009-10-13,1.432
2009-10-14,1.441
2009-10-15,1.445
2009-10-16,1.444
2009-10-19,1.478
2009-10-20,1.494
2009-10-21,1.488
2009-10-22,1.483
2009-10-23,1.503
2009-10-26,1.505
2009-10-27,1.473
2009-10-28,1.48
2009-10-29,1.456
2009-10-30,1.469
2009-11-02,1.514
2009-11-03,1.529
2009-11-04,1.529
2009-11-05,1.535
2009-11-06,1.546
2009-11-09,1.547
2009-11-10,1.552
2009-11-11,1.551
2009-11-12,1.553
2009-11-13,1.56
2009-11-16,1.594
2009-11-17,1.596
2009-11-18,1.593
2009-11-19,1.596
2009-11-20,1.596
2009-11-23,1.61
2009-11-24,1.566
2009-11-25,1.598
2009-11-26,1.556
2009-11-27,1.525
2009-11-30,1.576
2009-12-01,1.596
2009-12-02,1.613
2009-12-03,1.61
2009-12-04,1.596
2009-12-07,1.607
2009-12-08,1.604
2009-12-09,1.583
2009-12-10,1.591
2009-12-11,1.592
2009-12-14,1.589
2009-12-15,1.582
2009-12-16,1.579
2009-12-17,1.544
2009-12-18,1.506
2009-12-21,1.512
2009-12-22,1.487
2009-12-23,1.504
2009-12-24,1.543
2009-12-25,1.445
2009-12-28,1.459
2009-12-29,1.465
2009-12-30,1.47
2009-12-31,1.476
2010-01-04,1.469
2010-01-05,1.476
2010-01-06,1.47
2010-01-07,1.443
2010-01-08,1.447
2010-01-11,1.451
2010-01-12,1.474
2010-01-13,1.454
2010-01-14,1.475
2010-01-15,1.479
2010-01-18,1.497
2010-01-19,1.496
2010-01-20,1.451
2010-01-21,1.454
2010-01-22,1.433
2010-01-25,1.416
2010-01-26,1.385
2010-01-27,1.377
2010-01-28,1.39
2010-01-29,1.396
2010-02-01,1.384
2010-02-02,1.378
2010-02-03,1.388
2010-02-04,1.389
2010-02-05,1.37
2010-02-08,1.368
2010-02-09,1.371
2010-02-10,1.387
2010-02-11,1.385
2010-02-12,1.392
2010-02-22,1.388
2010-02-23,1.385
2010-02-24,1.407
2010-02-25,1.424
2010-02-26,1.425
2010-03-01,1.434
2010-03-02,1.429
2010-03-03,1.437
2010-03-04,1.41
2010-03-05,1.41
2010-03-08,1.418
2010-03-09,1.421
2010-03-10,1.408
2010-03-11,1.404
2010-03-12,1.388
2010-03-15,1.375
2010-03-16,1.384
2010-03-17,1.409
2010-03-18,1.408
2010-03-19,1.416
2010-03-22,1.42
2010-03-23,1.414
2010-03-24,1.417
2010-03-25,1.406
2010-03-26,1.419
2010-03-29,1.442
2010-03-30,1.447
2010-03-31,1.445
2010-04-01,1.461
2010-04-02,1.467
2010-04-06,1.47
2010-04-07,1.467
2010-04-08,1.464
2010-04-09,1.476
2010-04-12,1.475
2010-04-13,1.477
2010-04-14,1.484
2010-04-15,1.476
2010-04-16,1.468
2010-04-19,1.414
2010-04-20,1.426
2010-04-21,1.455
2010-04-22,1.451
2010-04-23,1.44
2010-04-26,1.441
2010-04-27,1.416
2010-04-28,1.411
2010-04-29,1.392
2010-04-30,1.387
2010-05-04,1.384
2010-05-05,1.399
2010-05-06,1.363
2010-05-07,1.346
2010-05-10,1.334
2010-05-11,1.317
2010-05-12,1.312
2010-05-13,1.334
2010-05-14,1.331
2010-05-17,1.291
2010-05-18,1.305
2010-05-19,1.309
2010-05-20,1.295
2010-05-21,1.31
2010-05-24,1.341
2010-05-25,1.325
2010-05-26,1.321
2010-05-27,1.333
2010-05-28,1.334
2010-05-31,1.313
2010-06-01,1.309
2010-06-02,1.311
2010-06-03,1.308
2010-06-04,1.306
2010-06-07,1.299
2010-06-08,1.301
2010-06-09,1.319
2010-06-10,1.318
2010-06-11,1.319
2010-06-17,1.315
2010-06-18,1.3
2010-06-21,1.32
2010-06-22,1.322
2010-06-23,1.318
2010-06-24,1.32
2010-06-25,1.316
2010-06-28,1.308
2010-06-29,1.276
2010-06-30,1.271
2010-07-01,1.259
2010-07-02,1.254
2010-07-05,1.254
2010-07-06,1.268
2010-07-07,1.275
2010-07-08,1.275
2010-07-09,1.294
2010-07-12,1.3
2010-07-13,1.291
2010-07-14,1.298
2010-07-15,1.283
2010-07-16,1.286
2010-07-19,1.305
2010-07-20,1.321
2010-07-21,1.323
2010-07-22,1.333
2010-07-23,1.337
2010-07-26,1.346
2010-07-27,1.345
2010-07-28,1.365
2010-07-29,1.367
2010-07-30,1.364
2010-08-02,1.376
2010-08-03,1.362
2010-08-04,1.369
2010-08-05,1.371
2010-08-06,1.384
2010-08-09,1.389
2010-08-10,1.367
2010-08-11,1.373
2010-08-12,1.365
2010-08-13,1.377
2010-08-16,1.393
2010-08-17,1.398
2010-08-18,1.395
2010-08-19,1.395
2010-08-20,1.38
2010-08-23,1.382
2010-08-24,1.388
2010-08-25,1.378
2010-08-26,1.38
2010-08-27,1.386
2010-08-30,1.405
2010-08-31,1.411
2010-09-01,1.405
2010-09-02,1.42
2010-09-03,1.421
2010-09-06,1.428
2010-09-07,1.113
2010-09-08,1.113
2010-09-09,1.103
2010-09-10,1.11
2010-09-13,1.12
2010-09-14,1.123
2010-09-15,1.111
2010-09-16,1.095
2010-09-17,1.103
2010-09-20,1.101
2010-09-21,1.099
2010-09-27,1.116
2010-09-28,1.115
2010-09-29,1.103
2010-09-30,1.115
2010-10-08,1.139
2010-10-11,1.144
2010-10-12,1.145
2010-10-13,1.153
2010-10-14,1.127
2010-10-15,1.128
2010-10-18,1.114
2010-10-19,1.14
2010-10-20,1.151
2010-10-21,1.146
2010-10-22,1.154
2010-10-25,1.176
2010-10-26,1.169
2010-10-27,1.157
2010-10-28,1.161
2010-10-29,1.166
2010-11-01,1.19
2010-11-02,1.179
2010-11-03,1.166
2010-11-04,1.183
2010-11-05,1.197
2010-11-08,1.209
2010-11-09,1.215
2010-11-10,1.211
2010-11-11,1.208
2010-11-12,1.154
2010-11-15,1.168
2010-11-16,1.157
2010-11-17,1.128
2010-11-18,1.135
2010-11-19,1.156
2010-11-22,1.166
2010-11-23,1.151
2010-11-24,1.172
2010-11-25,1.183
2010-11-26,1.178
2010-11-29,1.185
2010-11-30,1.174
2010-12-01,1.173
2010-12-02,1.173
2010-12-03,1.17
2010-12-06,1.157
2010-12-07,1.173
2010-12-08,1.173
2010-12-09,1.157
2010-12-10,1.169
2010-12-13,1.203
2010-12-14,1.214
2010-12-15,1.209
2010-12-16,1.208
2010-12-17,1.216
2010-12-20,1.211
2010-12-21,1.216
2010-12-22,1.212
2010-12-23,1.191
2010-12-24,1.174
2010-12-27,1.155
2010-12-28,1.143
2010-12-29,1.157
2010-12-30,1.168
2010-12-31,1.186
2011-01-04,1.206
2011-01-05,1.209
2011-01-06,1.202
2011-01-07,1.194
2011-01-10,1.174
2011-01-11,1.163
2011-01-12,1.162
2011-01-13,1.167
2011-01-14,1.153
2011-01-17,1.119
2011-01-18,1.122
2011-01-19,1.147
2011-01-20,1.12
2011-01-21,1.125
2011-01-24,1.114
2011-01-25,1.106
2011-01-26,1.127
2011-01-27,1.15
2011-01-28,1.154
2011-01-31,1.168
2011-02-01,1.165
2011-02-09,1.162
2011-02-10,1.178
2011-02-11,1.182
2011-02-14,1.204
2011-02-15,1.205
2011-02-16,1.225
2011-02-17,1.233
2011-02-18,1.217
2011-02-21,1.239
2011-02-22,1.212
2011-02-23,1.219
2011-02-24,1.224
2011-02-25,1.223
2011-02-28,1.238
2011-03-01,1.241
2011-03-02,1.231
2011-03-03,1.215
2011-03-04,1.228
2011-03-07,1.242
2011-03-08,1.237
2011-03-09,1.241
2011-03-10,1.227
2011-03-11,1.219
2011-03-14,1.229
2011-03-15,1.219
2011-03-16,1.228
2011-03-17,1.208
2011-03-18,1.211
2011-03-21,1.207
2011-03-22,1.208
2011-03-23,1.218
2011-03-24,1.216
2011-03-25,1.225
2011-03-28,1.219
2011-03-29,1.207
2011-03-30,1.195
2011-03-31,1.188
2011-04-01,1.199
2011-04-06,1.198
2011-04-07,1.202
2011-04-08,1.211
2011-04-11,1.197
2011-04-12,1.197
2011-04-13,1.209
2011-04-14,1.207
2011-04-15,1.211
2011-04-18,1.208
2011-04-19,1.191
2011-04-20,1.192
2011-04-21,1.196
2011-04-22,1.193
2011-04-25,1.181
2011-04-26,1.175
2011-04-27,1.168
2011-04-28,1.146
2011-04-29,1.16
2011-05-03,1.175
2011-05-04,1.158
2011-05-05,1.158
2011-05-06,1.161
2011-05-09,1.164
2011-05-10,1.169
2011-05-11,1.172
2011-05-12,1.162
2011-05-13,1.166
2011-05-16,1.164
2011-05-17,1.16
2011-05-18,1.166
2011-05-19,1.159
2011-05-20,1.156
2011-05-23,1.128
2011-05-24,1.127
2011-05-25,1.117
2011-05-26,1.108
2011-05-27,1.095
2011-05-30,1.089
2011-05-31,1.101
2011-06-01,1.109
2011-06-02,1.097
2011-06-03,1.107
2011-06-07,1.112
2011-06-08,1.115
2011-06-09,1.097
2011-06-10,1.101
2011-06-13,1.097
2011-06-14,1.107
2011-06-15,1.098
2011-06-16,1.081
2011-06-17,1.073
2011-06-20,1.066
2011-06-21,1.076
2011-06-22,1.074
2011-06-23,1.086
2011-06-24,1.106
2011-06-27,1.115
2011-06-28,1.117
2011-06-29,1.106
2011-06-30,1.121
2011-07-01,1.123
2011-07-04,1.14
2011-07-05,1.144
2011-07-06,1.145
2011-07-07,1.144
2011-07-08,1.144
2011-07-11,1.146
2011-07-12,1.133
2011-07-13,1.144
2011-07-14,1.145
2011-07-15,1.151
2011-07-18,1.155
2011-07-19,1.146
2011-07-20,1.145
2011-07-21,1.134
2011-07-22,1.137
2011-07-25,1.113
2011-07-26,1.118
2011-07-27,1.129
2011-07-28,1.126
2011-07-29,1.115
2011-08-01,1.116
2011-08-02,1.108
2011-08-03,1.11
2011-08-04,1.112
2011-08-05,1.1
2011-08-08,1.074
2011-08-09,1.077
2011-08-10,1.087
2011-08-11,1.098
2011-08-12,1.102
2011-08-15,1.112
2011-08-16,1.109
2011-08-17,1.104
2011-08-18,1.09
2011-08-19,1.081
2011-08-22,1.072
2011-08-23,1.083
2011-08-24,1.083
2011-08-25,1.1
2011-08-26,1.098
2011-08-29,1.087
2011-08-30,1.083
2011-08-31,1.08
2011-09-01,1.075
2011-09-02,1.069
2011-09-05,1.054
2011-09-06,1.049
2011-09-07,1.063
2011-09-08,1.057
2011-09-09,1.055
2011-09-13,1.045
2011-09-14,1.051
2011-09-15,1.051
2011-09-16,1.053
2011-09-19,1.041
2011-09-20,1.044
2011-09-21,1.061
2011-09-22,1.043
2011-09-23,1.038
2011-09-26,1.026
2011-09-27,1.029
2011-09-28,1.022
2011-09-29,1.006
2011-09-30,1.003
2011-10-10,0.997
2011-10-11,0.994
2011-10-12,1.014
2011-10-13,1.02
2011-10-14,1.015
2011-10-17,1.017
2011-10-18,0.999
2011-10-19,0.995
2011-10-20,0.972
2011-10-21,0.966
2011-10-24,0.979
2011-10-25,0.998
2011-10-26,1.008
2011-10-27,1.011
2011-10-28,1.026
2011-10-31,1.029
2011-11-01,1.031
2011-11-02,1.044
2011-11-03,1.048
2011-11-04,1.055
2011-11-07,1.049
2011-11-08,1.044
2011-11-09,1.056
2011-11-10,1.045
2011-11-11,1.044
2011-11-14,1.063
2011-11-15,1.067
2011-11-16,1.042
2011-11-17,1.04
2011-11-18,1.018
2011-11-21,1.018
2011-11-22,1.019
2011-11-23,1.015
2011-11-24,1.015
2011-11-25,1.008
2011-11-28,1.01
2011-11-29,1.023
2011-11-30,0.994
2011-12-01,1.012
2011-12-02,0.997
2011-12-05,0.974
2011-12-06,0.973
2011-12-07,0.974
2011-12-08,0.974
2011-12-09,0.966
2011-12-12,0.956
2011-12-13,0.932
2011-12-14,0.923
2011-12-15,0.904
2011-12-16,0.923
2011-12-19,0.926
2011-12-20,0.923
2011-12-21,0.906
2011-12-22,0.9
2011-12-23,0.909
2011-12-26,0.902
2011-12-27,0.886
2011-12-28,0.881
2011-12-29,0.883
2011-12-30,0.896
2011-12-31,0.896
2012-01-04,0.88
2012-01-05,0.857
2012-01-06,0.858
2012-01-09,0.88
2012-01-10,0.905
2012-01-11,0.905
2012-01-12,0.902
2012-01-13,0.88
2012-01-16,0.858
2012-01-17,0.891
2012-01-18,0.878
2012-01-19,0.887
2012-01-20,0.899
2012-01-30,0.892
2012-01-31,0.891
2012-02-01,0.884
2012-02-02,0.898
2012-02-03,0.905
2012-02-06,0.905
2012-02-07,0.896
2012-02-08,0.911
2012-02-09,0.912
2012-02-10,0.915
2012-02-13,0.919
2012-02-14,0.919
2012-02-15,0.928
2012-02-16,0.925
2012-02-17,0.925
2012-02-20,0.926
2012-02-21,0.933
2012-02-22,0.946
2012-02-23,0.947
2012-02-24,0.956
2012-02-27,0.957
2012-02-28,0.956
2012-02-29,0.946
2012-03-01,0.948
2012-03-02,0.961
2012-03-05,0.957
2012-03-06,0.95
2012-03-07,0.949
2012-03-08,0.957
2012-03-09,0.966
2012-03-12,0.968
2012-03-13,0.977
2012-03-14,0.953
2012-03-15,0.949
2012-03-16,0.963
2012-03-19,0.965
2012-03-20,0.949
2012-03-21,0.946
2012-03-22,0.943
2012-03-23,0.934
2012-03-26,0.935
2012-03-27,0.932
2012-03-28,0.91
2012-03-29,0.902
2012-03-30,0.904
2012-03-31,0.904
2012-04-05,0.922
2012-04-06,0.927
2012-04-09,0.918
2012-04-10,0.924
2012-04-11,0.926
2012-04-12,0.94
2012-04-13,0.943
2012-04-16,0.944
2012-04-17,0.933
2012-04-18,0.949
2012-04-19,0.949
2012-04-20,0.955
2012-04-23,0.948
2012-04-24,0.945
2012-04-25,0.949
2012-04-26,0.949
2012-04-27,0.945
2012-05-02,0.957
2012-05-03,0.961
2012-05-04,0.966
2012-05-07,0.971
2012-05-08,0.97
2012-05-09,0.961
2012-05-10,0.959
2012-05-11,0.955
2012-05-14,0.954
2012-05-15,0.959
2012-05-16,0.948
2012-05-17,0.958
2012-05-18,0.947
2012-05-21,0.949
2012-05-22,0.961
2012-05-23,0.962
2012-05-24,0.956
2012-05-25,0.948
2012-05-28,0.959
2012-05-29,0.97
2012-05-30,0.969
2012-05-31,0.969
2012-06-01,0.969
2012-06-04,0.951
2012-06-05,0.951
2012-06-06,0.949
2012-06-07,0.947
2012-06-08,0.945
2012-06-11,0.961
2012-06-12,0.964
2012-06-13,0.979
2012-06-14,0.974
2012-06-15,0.968
2012-06-18,0.972
2012-06-19,0.963
2012-06-20,0.96
2012-06-21,0.952
2012-06-25,0.935
2012-06-26,0.938
2012-06-27,0.939
2012-06-28,0.934
2012-06-29,0.943
2012-06-30,0.943
2012-07-02,0.948
2012-07-03,0.947
2012-07-04,0.942
2012-07-05,0.934
2012-07-06,0.95
2012-07-09,0.939
2012-07-10,0.932
2012-07-11,0.937
2012-07-12,0.947
2012-07-13,0.948
2012-07-16,0.926
2012-07-17,0.929
2012-07-18,0.929
2012-07-19,0.935
2012-07-20,0.927
2012-07-23,0.92
2012-07-24,0.924
2012-07-25,0.92
2012-07-26,0.914
2012-07-27,0.911
2012-07-30,0.905
2012-07-31,0.906
2012-08-01,0.915
2012-08-02,0.908
2012-08-03,0.912
2012-08-06,0.922
2012-08-07,0.921
2012-08-08,0.921
2012-08-09,0.93
2012-08-10,0.927
2012-08-13,0.914
2012-08-14,0.917
2012-08-15,0.914
2012-08-16,0.911
2012-08-17,0.907
2012-08-20,0.907
2012-08-21,0.914
2012-08-22,0.909
2012-08-23,0.91
2012-08-24,0.904
2012-08-27,0.893
2012-08-28,0.893
2012-08-29,0.889
2012-08-30,0.883
2012-08-31,0.885
2012-09-03,0.898
2012-09-04,0.894
2012-09-05,0.896
2012-09-06,0.9
2012-09-07,0.923
2012-09-10,0.927
2012-09-11,0.922
2012-09-12,0.925
2012-09-13,0.919
2012-09-14,0.917
2012-09-17,0.901
2012-09-18,0.9
2012-09-19,0.904
2012-09-20,0.891
2012-09-21,0.889
2012-09-24,0.895
2012-09-25,0.893
2012-09-26,0.884
2012-09-27,0.9
2012-09-28,0.91
2012-09-30,0.91
2012-10-08,0.906
2012-10-09,0.922
2012-10-10,0.924
2012-10-11,0.916
2012-10-12,0.914
2012-10-15,0.913
2012-10-16,0.915
2012-10-17,0.914
2012-10-18,0.927
2012-10-19,0.926
2012-10-22,0.928
2012-10-23,0.919
2012-10-24,0.917
2012-10-25,0.908
2012-10-26,0.9
2012-10-29,0.899
2012-10-30,0.902
2012-10-31,0.908
2012-11-01,0.918
2012-11-02,0.92
2012-11-05,0.916
2012-11-06,0.914
2012-11-07,0.911
2012-11-08,0.9
2012-11-09,0.897
2012-11-12,0.898
2012-11-13,0.889
2012-11-14,0.89
2012-11-15,0.885
2012-11-16,0.881
2012-11-19,0.881
2012-11-20,0.878
2012-11-21,0.884
2012-11-22,0.879
2012-11-23,0.882
2012-11-26,0.875
2012-11-27,0.865
2012-11-28,0.859
2012-11-29,0.855
2012-11-30,0.861
2012-12-03,0.855
2012-12-04,0.862
2012-12-05,0.882
2012-12-06,0.879
2012-12-07,0.888
2012-12-10,0.896
2012-12-11,0.894
2012-12-12,0.894
2012-12-13,0.889
2012-12-14,0.914
2012-12-17,0.912
2012-12-18,0.91
2012-12-19,0.913
2012-12-20,0.919
2012-12-21,0.92
2012-12-24,0.924
2012-12-25,0.938
2012-12-26,0.944
2012-12-27,0.941
2012-12-28,0.949
2012-12-31,0.961
2013-01-04,0.958
2013-01-07,0.964
2013-01-08,0.966
2013-01-09,0.968
2013-01-10,0.969
2013-01-11,0.958
2013-01-14,0.985
2013-01-15,0.993
2013-01-16,0.988
2013-01-17,0.983
2013-01-18,0.997
2013-01-21,1.002
2013-01-22,0.994
2013-01-23,0.997
2013-01-24,0.988
2013-01-25,0.989
2013-01-28,1.011
2013-01-29,1.016
2013-01-30,1.017
2013-01-31,1.013
2013-02-01,1.025
2013-02-04,1.02
2013-02-05,1.027
2013-02-06,1.031
2013-02-07,1.035
2013-02-08,1.045
2013-02-18,1.039
2013-02-19,1.023
2013-02-20,1.036
2013-02-21,1.019
2013-02-22,1.015
2013-02-25,1.021
2013-02-26,1.013
2013-02-27,1.014
2013-02-28,1.032
2013-03-01,1.038
2013-03-04,1.011
2013-03-05,1.03
2013-03-06,1.04
2013-03-07,1.031
2013-03-08,1.024
2013-03-11,1.025
2013-03-12,1.013
2013-03-13,1.006
2013-03-14,1.011
2013-03-15,1.015
2013-03-18,1.012
2013-03-19,1.013
2013-03-20,1.034
2013-03-21,1.041
2013-03-22,1.041
2013-03-25,1.04
2013-03-26,1.04
2013-03-27,1.041
2013-03-28,1.025
2013-03-29,1.024
2013-04-01,1.027
2013-04-02,1.016
2013-04-03,1.009
2013-04-08,1.014
2013-04-09,1.017
2013-04-10,1.012
2013-04-11,1.01
2013-04-12,1.007
2013-04-15,1.001
2013-04-16,1.009
2013-04-17,1.016
2013-04-18,1.017
2013-04-19,1.032
2013-04-22,1.036
2013-04-23,1.017
2013-04-24,1.034
2013-04-25,1.025
2013-04-26,1.016
2013-05-02,1.024
2013-05-03,1.035
2013-05-06,1.044
2013-05-07,1.044
2013-05-08,1.052
2013-05-09,1.05
2013-05-10,1.054
2013-05-13,1.054
2013-05-14,1.044
2013-05-15,1.054
2013-05-16,1.066
2013-05-17,1.079
2013-05-20,1.087
2013-05-21,1.091
2013-05-22,1.084
2013-05-23,1.081
2013-05-24,1.088
2013-05-27,1.095
2013-05-28,1.1
2013-05-29,1.103
2013-05-30,1.104
2013-05-31,1.099
2013-06-03,1.092
2013-06-04,1.075
2013-06-05,1.079
2013-06-06,1.07
2013-06-07,1.059
2013-06-13,1.045
2013-06-14,1.06
2013-06-17,1.06
2013-06-18,1.064
2013-06-19,1.06
2013-06-20,1.035
2013-06-21,1.034
2013-06-24,0.994
2013-06-25,1.0
2013-06-26,1.017
2013-06-27,1.008
2013-06-28,1.012
2013-06-30,1.012
2013-07-01,1.029
2013-07-02,1.042
2013-07-03,1.042
2013-07-04,1.042
2013-07-05,1.038
2013-07-08,1.016
2013-07-09,1.014
2013-07-10,1.033
2013-07-11,1.055
2013-07-12,1.052
2013-07-15,1.073
2013-07-16,1.078
2013-07-17,1.065
2013-07-18,1.063
2013-07-19,1.049
2013-07-22,1.063
2013-07-23,1.086
2013-07-24,1.092
2013-07-25,1.075
2013-07-26,1.072
2013-07-29,1.057
2013-07-30,1.054
2013-07-31,1.054
2013-08-01,1.08
2013-08-02,1.081
2013-08-05,1.094
2013-08-06,1.099
2013-08-07,1.091
2013-08-08,1.093
2013-08-09,1.094
2013-08-12,1.101
2013-08-13,1.1
2013-08-14,1.096
2013-08-15,1.084
2013-08-16,1.073
2013-08-19,1.085
2013-08-20,1.082
2013-08-21,1.081
2013-08-22,1.084
2013-08-23,1.083
2013-08-26,1.098
2013-08-27,1.1
2013-08-28,1.086
2013-08-29,1.086
2013-08-30,1.075
2013-09-02,1.086
2013-09-03,1.1
2013-09-04,1.097
2013-09-05,1.1
2013-09-06,1.104
2013-09-09,1.112
2013-09-10,1.112
2013-09-11,1.106
2013-09-12,1.107
2013-09-13,1.113
2013-09-16,1.116
2013-09-17,1.109
2013-09-18,1.114
2013-09-23,1.131
2013-09-24,1.132
2013-09-25,1.127
2013-09-26,1.121
2013-09-27,1.125
2013-09-30,1.131
2013-10-08,1.143
2013-10-09,1.153
2013-10-10,1.152
2013-10-11,1.164
2013-10-14,1.169
2013-10-15,1.167
2013-10-16,1.148
2013-10-17,1.145
2013-10-18,1.152
2013-10-21,1.176
2013-10-22,1.169
2013-10-23,1.147
2013-10-24,1.141
2013-10-25,1.121
2013-10-28,1.12
2013-10-29,1.108
2013-10-30,1.123
2013-10-31,1.104
2013-11-01,1.101
2013-11-04,1.104
2013-11-05,1.111
2013-11-06,1.099
2013-11-07,1.085
2013-11-08,1.077
2013-11-11,1.085
2013-11-12,1.089
2013-11-13,1.073
2013-11-14,1.087
2013-11-15,1.102
2013-11-18,1.118
2013-11-19,1.113
2013-11-20,1.116
2013-11-21,1.11
2013-11-22,1.105
2013-11-25,1.106
2013-11-26,1.109
2013-11-27,1.117
2013-11-28,1.126
2013-11-29,1.131
2013-12-02,1.099
2013-12-03,1.114
2013-12-04,1.124
2013-12-05,1.12
2013-12-06,1.117
2013-12-09,1.124
2013-12-10,1.123
2013-12-11,1.119
2013-12-12,1.123
2013-12-13,1.126
2013-12-16,1.114
2013-12-17,1.105
2013-12-18,1.105
2013-12-19,1.096
2013-12-20,1.089
2013-12-23,1.091
2013-12-24,1.098
2013-12-25,1.106
2013-12-26,1.094
2013-12-27,1.107
2013-12-30,1.109
2013-12-31,1.112
2014-01-02,1.115
2014-01-03,1.112
2014-01-06,1.093
2014-01-07,1.098
2014-01-08,1.105
2014-01-09,1.091
2014-01-10,1.082
2014-01-13,1.079
2014-01-14,1.092
2014-01-15,1.097
2014-01-16,1.094
2014-01-17,1.085
2014-01-20,1.075
2014-01-21,1.083
2014-01-22,1.099
2014-01-23,1.108
2014-01-24,1.115
2014-01-27,1.109
2014-01-28,1.106
2014-01-29,1.114
2014-01-30,1.112
2014-02-07,1.123
2014-02-10,1.144
2014-02-11,1.138
2014-02-12,1.142
2014-02-13,1.128
2014-02-14,1.141
2014-02-17,1.154
2014-02-18,1.149
2014-02-19,1.148
2014-02-20,1.142
2014-02-21,1.14
2014-02-24,1.136
2014-02-25,1.11
2014-02-26,1.107
2014-02-27,1.1
2014-02-28,1.11
2014-03-03,1.12
2014-03-04,1.11
2014-03-05,1.106
2014-03-06,1.102
2014-03-07,1.104
2014-03-10,1.09
2014-03-11,1.088
2014-03-12,1.086
2014-03-13,1.096
2014-03-14,1.091
2014-03-17,1.101
2014-03-18,1.1
2014-03-19,1.088
2014-03-20,1.068
2014-03-21,1.08
2014-03-24,1.08
2014-03-25,1.081
2014-03-26,1.084
2014-03-27,1.072
2014-03-28,1.058
2014-03-31,1.057
2014-04-01,1.067
2014-04-02,1.063
2014-04-03,1.059
2014-04-04,1.068
2014-04-08,1.082
2014-04-09,1.088
2014-04-10,1.093
2014-04-11,1.092
2014-04-14,1.097
2014-04-15,1.087
2014-04-16,1.087
2014-04-17,1.085
2014-04-18,1.086
2014-04-21,1.078
2014-04-22,1.071
2014-04-23,1.067
2014-04-24,1.065
2014-04-25,1.05
2014-04-28,1.031
2014-04-29,1.044
2014-04-30,1.053
2014-05-05,1.06
2014-05-06,1.064
2014-05-07,1.051
2014-05-08,1.05
2014-05-09,1.043
2014-05-12,1.057
2014-05-13,1.058
2014-05-14,1.057
2014-05-15,1.045
2014-05-16,1.042
2014-05-19,1.036
2014-05-20,1.04
2014-05-21,1.048
2014-05-22,1.047
2014-05-23,1.054
2014-05-26,1.06
2014-05-27,1.057
2014-05-28,1.068
2014-05-29,1.061
2014-05-30,1.061
2014-06-03,1.057
2014-06-04,1.055
2014-06-05,1.068
2014-06-06,1.064
2014-06-09,1.058
2014-06-10,1.069
2014-06-11,1.076
2014-06-12,1.075
2014-06-13,1.082
2014-06-16,1.09
2014-06-17,1.081
2014-06-18,1.076
2014-06-19,1.052
2014-06-20,1.06
2014-06-23,1.064
2014-06-24,1.068
2014-06-25,1.064
2014-06-26,1.075
2014-06-27,1.076
2014-06-30,1.08
2014-07-01,1.082
2014-07-02,1.082
2014-07-03,1.086
2014-07-04,1.086
2014-07-07,1.082
2014-07-08,1.087
2014-07-09,1.077
2014-07-10,1.074
2014-07-11,1.076
2014-07-14,1.083
2014-07-15,1.082
2014-07-16,1.075
2014-07-17,1.071
2014-07-18,1.072
2014-07-21,1.071
2014-07-22,1.078
2014-07-23,1.071
2014-07-24,1.074
2014-07-25,1.08
2014-07-28,1.092
2014-07-29,1.095
2014-07-30,1.097
2014-07-31,1.102
2014-08-01,1.096
2014-08-04,1.106
2014-08-05,1.108
2014-08-06,1.107
2014-08-07,1.103
2014-08-08,1.109
2014-08-11,1.116
2014-08-12,1.118
2014-08-13,1.12
2014-08-14,1.115
2014-08-15,1.124
2014-08-18,1.133
2014-08-19,1.139
2014-08-20,1.137
2014-08-21,1.139
2014-08-22,1.14
2014-08-25,1.134
2014-08-26,1.121
2014-08-27,1.123
2014-08-28,1.12
2014-08-29,1.128
2014-09-01,1.145
2014-09-02,1.154
2014-09-03,1.165
2014-09-04,1.172
2014-09-05,1.175
2014-09-09,1.182
2014-09-10,1.181
2014-09-11,1.179
2014-09-12,1.189
2014-09-15,1.199
2014-09-16,1.175
2014-09-17,1.179
2014-09-18,1.189
2014-09-19,1.201
2014-09-22,1.19
2014-09-23,1.198
2014-09-24,1.21
2014-09-25,1.209
2014-09-26,1.214
2014-09-29,1.224
2014-09-30,1.227
2014-10-08,1.24
2014-10-09,1.24
2014-10-10,1.234
2014-10-13,1.228
2014-10-14,1.228
2014-10-15,1.237
2014-10-16,1.228
2014-10-17,1.219
2014-10-20,1.231
2014-10-21,1.225
2014-10-22,1.216
2014-10-23,1.196
2014-10-24,1.201
2014-10-27,1.208
2014-10-28,1.228
2014-10-29,1.241
2014-10-30,1.241
2014-10-31,1.239
2014-11-03,1.244
2014-11-04,1.232
2014-11-05,1.23
2014-11-06,1.24
2014-11-07,1.232
2014-11-10,1.239
2014-11-11,1.213
2014-11-12,1.226
2014-11-13,1.214
2014-11-14,1.216
2014-11-17,1.228
2014-11-18,1.225
2014-11-19,1.235
2014-11-20,1.133
2014-11-21,1.144
2014-11-24,1.15
2014-11-25,1.165
2014-11-26,1.169
2014-11-27,1.173
2014-11-28,1.174
2014-12-01,1.169
2014-12-02,1.177
2014-12-03,1.184
2014-12-04,1.204
2014-12-05,1.179
2014-12-08,1.177
2014-12-09,1.137
2014-12-10,1.165
2014-12-11,1.175
2014-12-12,1.184
2014-12-15,1.203
2014-12-16,1.204
2014-12-17,1.199
2014-12-18,1.197
2014-12-19,1.195
2014-12-22,1.171
2014-12-23,1.149
2014-12-24,1.155
2014-12-25,1.17
2014-12-26,1.179
2014-12-29,1.175
2014-12-30,1.163
2014-12-31,1.178
2015-01-05,1.199
2015-01-06,1.206
2015-01-07,1.203
2015-01-08,1.191
2015-01-09,1.187
2015-01-12,1.179
2015-01-13,1.191
2015-01-14,1.181
2015-01-15,1.194
2015-01-16,1.21
2015-01-19,1.177
2015-01-20,1.206
2015-01-21,1.231
2015-01-22,1.235
2015-01-23,1.225
2015-01-26,1.248
2015-01-27,1.256
2015-01-28,1.244
2015-01-29,1.242
2015-01-30,1.23
2015-02-02,1.223
2015-02-03,1.242
2015-02-04,1.237
2015-02-05,1.231
2015-02-06,1.215
2015-02-09,1.213
2015-02-10,1.222
2015-02-11,1.24
2015-02-12,1.248
2015-02-13,1.259
2015-02-16,1.273
2015-02-17,1.28
2015-02-25,1.277
2015-02-26,1.285
2015-02-27,1.296
2015-03-02,1.318
2015-03-03,1.308
2015-03-04,1.323
2015-03-05,1.32
2015-03-06,1.302
2015-03-09,1.315
2015-03-10,1.327
2015-03-11,1.326
2015-03-12,1.327
2015-03-13,1.342
2015-03-16,1.378
2015-03-17,1.395
2015-03-18,1.417
2015-03-19,1.421
2015-03-20,1.445
2015-03-23,1.487
2015-03-24,1.502
2015-03-25,1.512
2015-03-26,1.499
2015-03-27,1.503
2015-03-30,1.505
2015-03-31,1.517
2015-04-01,1.547
2015-04-02,1.568
2015-04-03,1.588
2015-04-07,1.621
2015-04-08,1.613
2015-04-09,1.598
2015-04-10,1.635
2015-04-13,1.636
2015-04-14,1.629
2015-04-15,1.594
2015-04-16,1.615
2015-04-17,1.615
2015-04-20,1.573
2015-04-21,1.621
2015-04-22,1.666
2015-04-23,1.691
2015-04-24,1.694
2015-04-27,1.697
2015-04-28,1.652
2015-04-29,1.684
2015-04-30,1.701
2015-05-04,1.718
2015-05-05,1.675
2015-05-06,1.682
2015-05-07,1.666
2015-05-08,1.727
2015-05-11,1.783
2015-05-12,1.828
2015-05-13,1.83
2015-05-14,1.834
2015-05-15,1.826
2015-05-18,1.874
2015-05-19,1.902
2015-05-20,1.946
2015-05-21,1.993
2015-05-22,1.989
2015-05-25,2.009
2015-05-26,2.058
2015-05-27,2.065
2015-05-28,1.977
2015-05-29,1.995
2015-06-01,2.074
2015-06-02,2.154
2015-06-03,2.166
2015-06-04,2.142
2015-06-05,2.148
2015-06-08,2.098
2015-06-09,2.075
2015-06-10,2.115
2015-06-11,2.12
2015-06-12,2.157
2015-06-15,2.11
2015-06-16,2.028
2015-06-17,2.075
2015-06-18,2.019
2015-06-19,1.922
2015-06-23,1.926
2015-06-24,1.941
2015-06-25,1.868
2015-06-26,1.752
2015-06-29,1.659
2015-06-30,1.711
2015-07-01,1.632
2015-07-02,1.545
2015-07-03,1.477
2015-07-06,1.443
2015-07-07,1.384
2015-07-08,1.358
2015-07-09,1.397
2015-07-10,1.441
2015-07-13,1.497
2015-07-14,1.535
2015-07-15,1.485
2015-07-16,1.497
2015-07-17,1.551
2015-07-20,1.577
2015-07-21,1.602
2015-07-22,1.609
2015-07-23,1.648
2015-07-24,1.629
2015-07-27,1.545
2015-07-28,1.516
2015-07-29,1.551
2015-07-30,1.512
2015-07-31,1.498
2015-08-03,1.481
2015-08-04,1.52
2015-08-05,1.512
2015-08-06,1.506
2015-08-07,1.533
2015-08-10,1.58
2015-08-11,1.585
2015-08-12,1.568
2015-08-13,1.583
2015-08-14,1.583
2015-08-17,1.596
2015-08-18,1.524
2015-08-19,1.54
2015-08-20,1.501
2015-08-21,1.452
2015-08-24,1.377
2015-08-25,1.313
2015-08-26,1.302
2015-08-27,1.337
2015-08-28,1.374
2015-08-31,1.354
2015-09-01,1.327
2015-09-02,1.328
2015-09-07,1.319
2015-09-08,1.343
2015-09-09,1.362
2015-09-10,1.35
2015-09-11,1.355
2015-09-14,1.311
2015-09-15,1.282
2015-09-16,1.317
2015-09-17,1.31
2015-09-18,1.316
2015-09-21,1.338
2015-09-22,1.342
2015-09-23,1.335
2015-09-24,1.34
2015-09-25,1.322
2015-09-28,1.328
2015-09-29,1.323
2015-09-30,1.327
2015-10-08,1.343
2015-10-09,1.351
2015-10-12,1.372
2015-10-13,1.379
2015-10-14,1.367
2015-10-15,1.389
2015-10-16,1.399
2015-10-19,1.395
2015-10-20,1.411
2015-10-21,1.365
2015-10-22,1.389
2015-10-23,1.411
2015-10-26,1.418
2015-10-27,1.421
2015-10-28,1.407
2015-10-29,1.411
2015-10-30,1.412
2015-11-02,1.395
2015-11-03,1.39
2015-11-04,1.425
2015-11-05,1.425
2015-11-06,1.449
2015-11-09,1.453
2015-11-10,1.457
2015-11-11,1.472
2015-11-12,1.468
2015-11-13,1.442
2015-11-16,1.464
2015-11-17,1.454
2015-11-18,1.44
2015-11-19,1.473
2015-11-20,1.396
2015-11-23,1.377
2015-11-24,1.391
2015-11-25,1.416
2015-11-26,1.41
2015-11-27,1.345
2015-11-30,1.351
2015-12-01,1.341
2015-12-02,1.328
2015-12-03,1.354
2015-12-04,1.352
2015-12-07,1.362
2015-12-08,1.344
2015-12-09,1.344
2015-12-10,1.34
2015-12-11,1.333
2015-12-14,1.341
2015-12-15,1.355
2015-12-16,1.371
2015-12-17,1.394
2015-12-18,1.387
2015-12-21,1.392
2015-12-22,1.402
2015-12-23,1.384
2015-12-24,1.384
2015-12-25,1.398
2015-12-28,1.381
2015-12-29,1.387
2015-12-30,1.399
2015-12-31,1.382
2016-01-04,1.3
2016-01-05,1.28
2016-01-06,1.307
2016-01-07,1.225
2016-01-08,1.231
2016-01-11,1.167
2016-01-12,1.158
2016-01-13,1.126
2016-01-14,1.151
2016-01-15,1.128
2016-01-18,1.142
2016-01-19,1.175
2016-01-20,1.167
2016-01-21,1.136
2016-01-22,1.147
2016-01-25,1.154
2016-01-26,1.099
2016-01-27,1.085
2016-01-28,1.053
2016-01-29,1.076
2016-02-01,1.065
2016-02-02,1.086
2016-02-03,1.087
2016-02-04,1.098
2016-02-05,1.09
2016-02-15,1.09
2016-02-16,1.116
2016-02-17,1.123
2016-02-18,1.123
2016-02-19,1.127
2016-02-22,1.145
2016-02-23,1.141
2016-02-24,1.14
2016-02-25,1.077
2016-02-26,1.077
2016-02-29,1.041
2016-03-01,1.053
2016-03-02,1.083
2016-03-03,1.083
2016-03-04,1.074
2016-03-07,1.083
2016-03-08,1.083
2016-03-09,1.074
2016-03-10,1.064
2016-03-11,1.064
2016-03-14,1.08
2016-03-15,1.075
2016-03-16,1.072
2016-03-17,1.089
2016-03-18,1.105
2016-03-21,1.117
2016-03-22,1.116
2016-03-23,1.121
2016-03-24,1.112
2016-03-25,1.116
2016-03-28,1.113
2016-03-29,1.102
2016-03-30,1.122
2016-03-31,1.125
2016-04-01,1.122
2016-04-05,1.137
2016-04-06,1.14
2016-04-07,1.126
2016-04-08,1.117
2016-04-11,1.132
2016-04-12,1.128
2016-04-13,1.137
2016-04-14,1.146
2016-04-15,1.146
2016-04-18,1.132
2016-04-19,1.135
2016-04-20,1.101
2016-04-21,1.091
2016-04-22,1.096
2016-04-25,1.092
2016-04-26,1.101
2016-04-27,1.098
2016-04-28,1.097
2016-04-29,1.098
2016-05-03,1.121
2016-05-04,1.121
2016-05-05,1.124
2016-05-06,1.096
2016-05-09,1.07
2016-05-10,1.069
2016-05-11,1.069
2016-05-12,1.067
2016-05-13,1.064
2016-05-16,1.076
2016-05-17,1.072
2016-05-18,1.056
2016-05-19,1.059
2016-05-20,1.065
2016-05-23,1.075
2016-05-24,1.071
2016-05-25,1.066
2016-05-26,1.071
2016-05-27,1.07
2016-05-30,1.068
2016-05-31,1.092
2016-06-01,1.095
2016-06-02,1.098
2016-06-03,1.103
2016-06-06,1.104
2016-06-07,1.105
2016-06-08,1.1
2016-06-13,1.072
2016-06-14,1.074
2016-06-15,1.091
2016-06-16,1.087
2016-06-17,1.092
2016-06-20,1.094
2016-06-21,1.088
2016-06-22,1.095
2016-06-23,1.093
2016-06-24,1.088
2016-06-27,1.104
2016-06-28,1.114
2016-06-29,1.116
2016-06-30,1.114
2016-07-01,1.115
2016-07-04,1.125
2016-07-05,1.128
2016-07-06,1.136
2016-07-07,1.14
2016-07-08,1.137
2016-07-11,1.138
2016-07-12,1.145
2016-07-13,1.148
2016-07-14,1.148
2016-07-15,1.146
2016-07-18,1.142
2016-07-19,1.141
2016-07-20,1.139
2016-07-21,1.14
2016-07-22,1.132
2016-07-25,1.132
2016-07-26,1.142
2016-07-27,1.121
2016-07-28,1.126
2016-07-29,1.122
2016-08-01,1.113
2016-08-02,1.117
2016-08-03,1.119
2016-08-04,1.119
2016-08-05,1.118
2016-08-08,1.125
2016-08-09,1.129
2016-08-10,1.129
2016-08-11,1.122
2016-08-12,1.126
2016-08-15,1.137
2016-08-16,1.14
2016-08-17,1.141
2016-08-18,1.138
2016-08-19,1.14
2016-08-22,1.135
2016-08-23,1.137
2016-08-24,1.136
2016-08-25,1.133
2016-08-26,1.134
2016-08-29,1.136
2016-08-30,1.137
2016-08-31,1.136
2016-09-01,1.134
2016-09-02,1.131
2016-09-05,1.133
2016-09-06,1.14
2016-09-07,1.14
2016-09-08,1.14
2016-09-09,1.137
2016-09-12,1.123
2016-09-13,1.124
2016-09-14,1.121
2016-09-19,1.125
2016-09-20,1.127
2016-09-21,1.127
2016-09-22,1.132
2016-09-23,1.132
2016-09-26,1.119
2016-09-27,1.121
2016-09-28,1.12
2016-09-29,1.121
2016-09-30,1.124
2016-10-10,1.135
2016-10-11,1.14
2016-10-12,1.139
2016-10-13,1.143
2016-10-14,1.142
2016-10-17,1.135
2016-10-18,1.145
2016-10-19,1.143
2016-10-20,1.144
2016-10-21,1.145
2016-10-24,1.15
2016-10-25,1.151
2016-10-26,1.148
2016-10-27,1.144
2016-10-28,1.14
2016-10-31,1.141
2016-11-01,1.147
2016-11-02,1.146
2016-11-03,1.151
2016-11-04,1.144
2016-11-07,1.143
2016-11-08,1.145
2016-11-09,1.144
2016-11-10,1.149
2016-11-11,1.152
2016-11-14,1.152
2016-11-15,1.15
2016-11-16,1.151
2016-11-17,1.147
2016-11-18,1.146
2016-11-21,1.144
2016-11-22,1.15
2016-11-23,1.145
2016-11-24,1.14
2016-11-25,1.145
2016-11-28,1.141
2016-11-29,1.132
2016-11-30,1.126
2016-12-01,1.13
2016-12-02,1.116
2016-12-05,1.111
2016-12-06,1.111
2016-12-07,1.12
2016-12-08,1.113
2016-12-09,1.109
2016-12-12,1.072
2016-12-13,1.075
2016-12-14,1.069
2016-12-15,1.069
2016-12-16,1.073
2016-12-19,1.071
2016-12-20,1.067
2016-12-21,1.076
2016-12-22,1.076
2016-12-23,1.066
2016-12-26,1.041
2016-12-27,1.042
2016-12-28,1.038
2016-12-29,1.035
2016-12-30,1.038
2016-12-31,1.038
2017-01-03,1.045
2017-01-04,1.053
2017-01-05,1.053
2017-01-06,1.048
2017-01-09,1.052
2017-01-10,1.05
2017-01-11,1.04
2017-01-12,1.034
2017-01-13,1.028
2017-01-16,1.017
2017-01-17,1.022
2017-01-18,1.026
2017-01-19,1.024
2017-01-20,1.036
2017-01-23,1.04
2017-01-24,1.038
2017-01-25,1.04
2017-01-26,1.043
2017-02-03,1.04
2017-02-06,1.045
2017-02-07,1.044
2017-02-08,1.048
2017-02-09,1.054
2017-02-10,1.056
2017-02-13,1.065
2017-02-14,1.068
2017-02-15,1.059
2017-02-16,1.063
2017-02-17,1.058
2017-02-20,1.075
2017-02-21,1.079
2017-02-22,1.087
2017-02-23,1.081
2017-02-24,1.08
2017-02-27,1.074
2017-02-28,1.078
2017-03-01,1.084
2017-03-02,1.084
2017-03-03,1.085
2017-03-06,1.09
2017-03-07,1.093
2017-03-08,1.091
2017-03-09,1.083
2017-03-10,1.086
2017-03-13,1.095
2017-03-14,1.1
2017-03-15,1.104
2017-03-16,1.107
2017-03-17,1.098
2017-03-20,1.101
2017-03-21,1.116
2017-03-22,1.118
2017-03-23,1.119
2017-03-24,1.121
2017-03-27,1.11
2017-03-28,1.107
2017-03-29,1.107
2017-03-30,1.101
2017-03-31,1.107
2017-04-05,1.118
2017-04-06,1.122
2017-04-07,1.124
2017-04-10,1.117
2017-04-11,1.115
2017-04-12,1.109
2017-04-13,1.117
2017-04-14,1.107
2017-04-17,1.104
2017-04-18,1.109
2017-04-19,1.112
2017-04-20,1.123
2017-04-21,1.113
2017-04-24,1.093
2017-04-25,1.1
2017-04-26,1.098
2017-04-27,1.107
2017-04-28,1.104
2017-05-02,1.107
2017-05-03,1.107
2017-05-04,1.106
2017-05-05,1.1
2017-05-08,1.081
2017-05-09,1.086
2017-05-10,1.08
2017-05-11,1.086
2017-05-12,1.086
2017-05-15,1.092
2017-05-16,1.113
2017-05-17,1.109
2017-05-18,1.1
2017-05-19,1.098
2017-05-22,1.094
2017-05-23,1.09
2017-05-24,1.09
2017-05-25,1.084
2017-05-26,1.084
2017-05-31,1.085
2017-06-01,1.076
2017-06-02,1.077
2017-06-05,1.083
2017-06-06,1.09
2017-06-07,1.11
2017-06-08,1.117
2017-06-09,1.119
2017-06-12,1.12
2017-06-13,1.125
2017-06-14,1.116
2017-06-15,1.117
2017-06-16,1.116
2017-06-19,1.125
2017-06-20,1.126
2017-06-21,1.135
2017-06-22,1.127
2017-06-23,1.133
2017-06-26,1.148
2017-06-27,1.15
2017-06-28,1.141
2017-06-29,1.147
2017-06-30,1.15
2017-07-03,1.147
2017-07-04,1.14
2017-07-05,1.151
2017-07-06,1.148
2017-07-07,1.143
2017-07-10,1.132
2017-07-11,1.132
2017-07-12,1.126
2017-07-13,1.13
2017-07-14,1.124
2017-07-17,1.099
2017-07-18,1.1
2017-07-19,1.113
2017-07-20,1.12
2017-07-21,1.118
2017-07-24,1.124
2017-07-25,1.122
2017-07-26,1.116
2017-07-27,1.118
2017-07-28,1.131
2017-07-31,1.136
2017-08-01,1.143
2017-08-02,1.134
2017-08-03,1.124
2017-08-04,1.117
2017-08-07,1.133
2017-08-08,1.136
2017-08-09,1.142
2017-08-10,1.142
2017-08-11,1.128
2017-08-14,1.147
2017-08-15,1.155
2017-08-16,1.154
2017-08-17,1.154
2017-08-18,1.148
2017-08-21,1.151
2017-08-22,1.152
2017-08-23,1.145
2017-08-24,1.14
2017-08-25,1.152
2017-08-28,1.163
2017-08-29,1.161
2017-08-30,1.167
2017-08-31,1.169
2017-09-01,1.174
2017-09-04,1.178
2017-09-05,1.185
2017-09-06,1.186
2017-09-07,1.175
2017-09-08,1.177
2017-09-11,1.188
2017-09-12,1.188
2017-09-13,1.195
2017-09-14,1.188
2017-09-15,1.182
2017-09-18,1.188
2017-09-19,1.183
2017-09-20,1.187
2017-09-21,1.182
2017-09-22,1.179
2017-09-25,1.179
2017-09-26,1.181
2017-09-27,1.187
2017-09-28,1.19
2017-09-29,1.195
2017-10-09,1.201
2017-10-10,1.204
2017-10-11,1.203
2017-10-12,1.202
2017-10-13,1.212
2017-10-16,1.205
2017-10-17,1.207
2017-10-18,1.214
2017-10-19,1.21
2017-10-20,1.212
2017-10-23,1.221
2017-10-24,1.224
2017-10-25,1.229
2017-10-26,1.234
2017-10-27,1.238
2017-10-30,1.231
2017-10-31,1.238
2017-11-01,1.237
2017-11-02,1.236
2017-11-03,1.232
2017-11-06,1.249
2017-11-07,1.249
2017-11-08,1.243
2017-11-09,1.252
2017-11-10,1.267
2017-11-13,1.265
2017-11-14,1.253
2017-11-15,1.247
2017-11-16,1.266
2017-11-17,1.255
2017-11-20,1.261
2017-11-21,1.268
2017-11-22,1.249
2017-11-23,1.211
2017-11-24,1.208
2017-11-27,1.197
2017-11-28,1.202
2017-11-29,1.192
2017-11-30,1.181
2017-12-01,1.184
2017-12-04,1.197
2017-12-05,1.195
2017-12-06,1.192
2017-12-07,1.1
2017-12-08,1.111
2017-12-11,1.133
2017-12-12,1.122
2017-12-13,1.135
2017-12-14,1.132
2017-12-15,1.127
2017-12-18,1.125
2017-12-19,1.134
2017-12-20,1.139
2017-12-21,1.147
2017-12-22,1.14
2017-12-25,1.134
2017-12-26,1.135
2017-12-27,1.116
2017-12-28,1.126
2017-12-29,1.134
2017-12-31,1.134
2018-01-02,1.142
2018-01-03,1.151
2018-01-04,1.159
2018-01-05,1.159
2018-01-08,1.162
2018-01-09,1.167
2018-01-10,1.165
2018-01-11,1.163
2018-01-12,1.163
2018-01-15,1.153
2018-01-16,1.158
2018-01-17,1.144
2018-01-18,1.143
2018-01-19,1.139
2018-01-22,1.16
2018-01-23,1.165
2018-01-24,1.162
2018-01-25,1.158
2018-01-26,1.162
2018-01-29,1.144
2018-01-30,1.14
2018-01-31,1.146
2018-02-01,1.132
2018-02-02,1.141
2018-02-05,1.122
2018-02-06,1.097
2018-02-07,1.066
2018-02-08,1.076
2018-02-09,1.046
2018-02-12,1.079
2018-02-13,1.087
2018-02-14,1.094
2018-02-22,1.122
2018-02-23,1.123
2018-02-26,1.137
2018-02-27,1.127
2018-02-28,1.121
2018-03-01,1.131
2018-03-02,1.121
2018-03-05,1.117
2018-03-06,1.128
2018-03-07,1.123
2018-03-08,1.135
2018-03-09,1.145
2018-03-12,1.152
2018-03-13,1.139
2018-03-14,1.14
2018-03-15,1.153
2018-03-16,1.141
2018-03-19,1.146
2018-03-20,1.142
2018-03-21,1.134
2018-03-22,1.121
2018-03-23,1.092
2018-03-26,1.103
2018-03-27,1.111
2018-03-28,1.088
2018-03-29,1.098
2018-03-30,1.106
2018-04-02,1.1
2018-04-03,1.1
2018-04-04,1.105
2018-04-09,1.106
2018-04-10,1.117
2018-04-11,1.12
2018-04-12,1.11
2018-04-13,1.1
2018-04-16,1.103
2018-04-17,1.079
2018-04-18,1.087
2018-04-19,1.094
2018-04-20,1.082
2018-04-23,1.069
2018-04-24,1.096
2018-04-25,1.102
2018-04-26,1.08
2018-04-27,1.082
2018-05-02,1.085
2018-05-03,1.095
2018-05-04,1.094
2018-05-07,1.118
2018-05-08,1.124
2018-05-09,1.123
2018-05-10,1.129
2018-05-11,1.118
2018-05-14,1.125
2018-05-15,1.132
2018-05-16,1.128
2018-05-17,1.115
2018-05-18,1.121
2018-05-21,1.126
2018-05-22,1.126
2018-05-23,1.115
2018-05-24,1.106
2018-05-25,1.101
2018-05-28,1.114
2018-05-29,1.1
2018-05-30,1.088
2018-05-31,1.107
2018-06-01,1.095
2018-06-04,1.104
2018-06-05,1.119
2018-06-06,1.123
2018-06-07,1.119
2018-06-08,1.108
2018-06-11,1.107
2018-06-12,1.123
2018-06-13,1.114
2018-06-14,1.107
2018-06-15,1.101
2018-06-19,1.068
2018-06-20,1.079
2018-06-21,1.069
2018-06-22,1.074
2018-06-25,1.061
2018-06-26,1.057
2018-06-27,1.038
2018-06-28,1.022
2018-06-29,1.045
2018-06-30,1.045
2018-07-02,1.032
2018-07-03,1.023
2018-07-04,1.011
2018-07-05,0.995
2018-07-06,1.003
2018-07-09,1.027
2018-07-10,1.029
2018-07-11,1.017
2018-07-12,1.039
2018-07-13,1.046
2018-07-16,1.047
2018-07-17,1.042
2018-07-18,1.041
2018-07-19,1.038
2018-07-20,1.052
2018-07-23,1.051
2018-07-24,1.06
2018-07-25,1.062
2018-07-26,1.05
2018-07-27,1.046
2018-07-30,1.033
2018-07-31,1.035
2018-08-01,1.015
2018-08-02,0.999
2018-08-03,0.982
2018-08-06,0.967
2018-08-07,0.988
2018-08-08,0.967
2018-08-09,0.993
2018-08-10,0.997
2018-08-13,0.998
2018-08-14,0.996
2018-08-15,0.975
2018-08-16,0.97
2018-08-17,0.959
2018-08-20,0.971
2018-08-21,0.99
2018-08-22,0.984
2018-08-23,0.992
2018-08-24,0.988
2018-08-27,1.006
2018-08-28,1.002
2018-08-29,0.998
2018-08-30,0.987
2018-08-31,0.98
2018-09-03,0.979
2018-09-04,0.991
2018-09-05,0.978
2018-09-06,0.973
2018-09-07,0.974
2018-09-10,0.962
2018-09-11,0.961
2018-09-12,0.955
2018-09-13,0.961
2018-09-14,0.955
2018-09-17,0.944
2018-09-18,0.958
2018-09-19,0.971
2018-09-20,0.969
2018-09-21,0.987
2018-09-25,0.977
2018-09-26,0.988
2018-09-27,0.98
2018-09-28,0.984
2018-10-08,0.953
2018-10-09,0.951
2018-10-10,0.948
2018-10-11,0.912
2018-10-12,0.922
2018-10-15,0.91
2018-10-16,0.898
2018-10-17,0.903
2018-10-18,0.891
2018-10-19,0.912
2018-10-22,0.948
2018-10-23,0.93
2018-10-24,0.93
2018-10-25,0.929
2018-10-26,0.923
2018-10-29,0.904
2018-10-30,0.915
2018-10-31,0.926
2018-11-01,0.935
2018-11-02,0.961
2018-11-05,0.957
2018-11-06,0.96
2018-11-07,0.957
2018-11-08,0.949
2018-11-09,0.946
2018-11-12,0.964
2018-11-13,0.978
2018-11-14,0.971
2018-11-15,0.98
2018-11-16,0.987
2018-11-19,0.985
2018-11-20,0.965
2018-11-21,0.966
2018-11-22,0.962
2018-11-23,0.943
2018-11-26,0.936
2018-11-27,0.942
2018-11-28,0.951
2018-11-29,0.937
2018-11-30,0.94
2018-12-03,0.956
2018-12-04,0.955
2018-12-05,0.951
2018-12-06,0.939
2018-12-07,0.941
2018-12-10,0.934
2018-12-11,0.94
2018-12-12,0.941
2018-12-13,0.949
2018-12-14,0.934
2018-12-17,0.924
2018-12-18,0.921
2018-12-19,0.913
2018-12-20,0.914
2018-12-21,0.913
2018-12-24,0.918
2018-12-25,0.919
2018-12-26,0.917
2018-12-27,0.911
2018-12-28,0.918
2018-12-31,0.918
2019-01-02,0.908
2019-01-03,0.902
2019-01-04,0.921
2019-01-07,0.93
2019-01-08,0.931
2019-01-09,0.932
2019-01-10,0.93
2019-01-11,0.936
2019-01-14,0.929
2019-01-15,0.941
2019-01-16,0.947
2019-01-17,0.939
2019-01-18,0.941
2019-01-21,0.951
2019-01-22,0.935
2019-01-23,0.94
2019-01-24,0.943
2019-01-25,0.942
2019-01-28,0.94
2019-01-29,0.941
2019-01-30,0.933
2019-01-31,0.936
2019-02-01,0.952
2019-02-11,0.969
2019-02-12,0.974
2019-02-13,0.986
2019-02-14,0.988
2019-02-15,0.978
2019-02-18,1.003
2019-02-19,1.003
2019-02-20,1.001
2019-02-21,0.995
2019-02-22,1.018
2019-02-25,1.071
2019-02-26,1.056
2019-02-27,1.049
2019-02-28,1.06
2019-03-01,1.066
2019-03-04,1.079
2019-03-05,1.091
2019-03-06,1.101
2019-03-07,1.096
2019-03-08,1.068
2019-03-11,1.097
2019-03-12,1.109
2019-03-13,1.098
2019-03-14,1.081
2019-03-15,1.091
2019-03-18,1.112
2019-03-19,1.122
2019-03-20,1.122
2019-03-21,1.131
2019-03-22,1.128
2019-03-25,1.113
2019-03-26,1.096
2019-03-27,1.102
2019-03-28,1.095
2019-03-29,1.135
2019-04-01,1.169
2019-04-02,1.168
2019-04-03,1.183
2019-04-04,1.184
2019-04-08,1.185
2019-04-09,1.185
2019-04-10,1.183
2019-04-11,1.158
2019-04-12,1.155
2019-04-15,1.149
2019-04-16,1.171
2019-04-17,1.173
2019-04-18,1.168
2019-04-19,1.173
2019-04-22,1.161
2019-04-23,1.157
2019-04-24,1.165
2019-04-25,1.141
2019-04-26,1.13
2019-04-29,1.136
2019-04-30,1.141
2019-05-06,1.078
2019-05-07,1.086
2019-05-08,1.079
2019-05-09,1.063
2019-05-10,1.101
2019-05-13,1.091
2019-05-14,1.088
2019-05-15,1.106
2019-05-16,1.102
2019-05-17,1.077
2019-05-20,1.068
2019-05-21,1.084
2019-05-22,1.079
2019-05-23,1.058
2019-05-24,1.058
2019-05-27,1.068
2019-05-28,1.073
2019-05-29,1.075
2019-05-30,1.067
2019-05-31,1.069
2019-06-03,1.061
2019-06-04,1.057
2019-06-05,1.053
2019-06-06,1.045
2019-06-10,1.051
2019-06-11,1.075
2019-06-12,1.069
2019-06-13,1.07
2019-06-14,1.061
2019-06-17,1.056
2019-06-18,1.056
2019-06-19,1.071
2019-06-20,1.091
2019-06-21,1.095
2019-06-24,1.093
2019-06-25,1.088
2019-06-26,1.09
2019-06-27,1.1
2019-06-28,1.098
2019-06-30,1.098
2019-07-01,1.123
2019-07-02,1.121
2019-07-03,1.11
2019-07-04,1.102
2019-07-05,1.107
2019-07-08,1.088
2019-07-09,1.088
2019-07-10,1.084
2019-07-11,1.086
2019-07-12,1.092
2019-07-15,1.096
2019-07-16,1.095
2019-07-17,1.094
2019-07-18,1.085
2019-07-19,1.092
2019-07-22,1.087
2019-07-23,1.093
2019-07-24,1.101
2019-07-25,1.109
2019-07-26,1.109
2019-07-29,1.11
2019-07-30,1.11
2019-07-31,1.103
2019-08-01,1.097
2019-08-02,1.085
2019-08-05,1.076
2019-08-06,1.066
2019-08-07,1.062
2019-08-08,1.067
2019-08-09,1.055
2019-08-12,1.074
2019-08-13,1.071
2019-08-14,1.078
2019-08-15,1.083
2019-08-16,1.084
2019-08-19,1.109
2019-08-20,1.108
2019-08-21,1.109
2019-08-22,1.108
2019-08-23,1.107
2019-08-26,1.093
2019-08-27,1.111
2019-08-28,1.106
2019-08-29,1.106
2019-08-30,1.099
2019-09-02,1.114
2019-09-03,1.122
2019-09-04,1.127
2019-09-05,1.134
2019-09-06,1.138
2019-09-09,1.156
2019-09-10,1.15
2019-09-11,1.144
2019-09-12,1.149
2019-09-16,1.148
2019-09-17,1.132
2019-09-18,1.135
2019-09-19,1.142
2019-09-20,1.143
2019-09-23,1.135
2019-09-24,1.139
2019-09-25,1.127
2019-09-26,1.11
2019-09-27,1.113
2019-09-30,1.101
2019-10-08,1.1
2019-10-09,1.104
2019-10-10,1.117
2019-10-11,1.12
2019-10-14,1.127
2019-10-15,1.117
2019-10-16,1.113
2019-10-17,1.119
2019-10-18,1.107
2019-10-21,1.107
2019-10-22,1.114
2019-10-23,1.101
2019-10-24,1.097
2019-10-25,1.103
2019-10-28,1.114
2019-10-29,1.109
2019-10-30,1.102
2019-10-31,1.098
2019-11-01,1.11
2019-11-04,1.116
2019-11-05,1.124
2019-11-06,1.065
2019-11-07,1.068
2019-11-08,1.067
2019-11-11,1.05
2019-11-12,1.049
2019-11-13,1.052
2019-11-14,1.056
2019-11-15,1.048
2019-11-18,1.051
2019-11-19,1.063
2019-11-20,1.054
2019-11-21,1.05
2019-11-22,1.036
2019-11-25,1.035
2019-11-26,1.039
2019-11-27,1.041
2019-11-28,1.041
2019-11-29,1.034
2019-12-02,1.033
2019-12-03,1.033
2019-12-04,1.035
2019-12-05,1.049
2019-12-06,1.055
2019-12-09,1.053
2019-12-10,1.054
2019-12-11,1.052
2019-12-12,1.051
2019-12-13,1.066
2019-12-16,1.084
2019-12-17,1.093
2019-12-18,1.09
2019-12-19,1.082
2019-12-20,1.08
2019-12-23,1.068
2019-12-24,1.078
2019-12-25,1.086
2019-12-26,1.096
2019-12-27,1.091
2019-12-30,1.1
2019-12-31,1.105
2020-01-02,1.123
2020-01-03,1.127
2020-01-06,1.127
2020-01-07,1.132
2020-01-08,1.125
2020-01-09,1.141
2020-01-10,1.137
2020-01-13,1.159
2020-01-14,1.151
2020-01-15,1.153
2020-01-16,1.148
2020-01-17,1.144
2020-01-20,1.158
2020-01-21,1.151
2020-01-22,1.17
2020-01-23,1.131
2020-02-03,1.054
2020-02-04,1.088
2020-02-05,1.09
2020-02-06,1.108
2020-02-07,1.112
2020-02-10,1.116
2020-02-11,1.128
2020-02-12,1.146
2020-02-13,1.149
2020-02-14,1.15
2020-02-17,1.18
2020-02-18,1.195
2020-02-19,1.187
2020-02-20,1.214
2020-02-21,1.234
2020-02-24,1.239
2020-02-25,1.244
2020-02-26,1.197
2020-02-27,1.195
2020-02-28,1.164
2020-03-02,1.191
2020-03-03,1.196
2020-03-04,1.197
2020-03-05,1.206
2020-03-06,1.192
2020-03-09,1.16
2020-03-10,1.186
2020-03-11,1.166
2020-03-12,1.149
2020-03-13,1.137
2020-03-16,1.091
2020-03-17,1.092
2020-03-18,1.083
2020-03-19,1.085
2020-03-20,1.101
2020-03-23,1.065
2020-03-24,1.083
2020-03-25,1.103
2020-03-26,1.097
2020-03-27,1.098
2020-03-30,1.085
2020-03-31,1.087
2020-04-01,1.087
2020-04-02,1.103
2020-04-03,1.098
2020-04-07,1.127
2020-04-08,1.125
2020-04-09,1.127
2020-04-10,1.113
2020-04-13,1.116
2020-04-14,1.137
2020-04-15,1.128
2020-04-16,1.14
2020-04-17,1.148
2020-04-20,1.16
2020-04-21,1.158
2020-04-22,1.163
2020-04-23,1.164
2020-04-24,1.154
2020-04-27,1.157
2020-04-28,1.159
2020-04-29,1.166
2020-04-30,1.163
2020-05-06,1.172
2020-05-07,1.178
2020-05-08,1.18
2020-05-11,1.173
2020-05-12,1.178
2020-05-13,1.186
2020-05-14,1.177
2020-05-15,1.187
2020-05-18,1.197
2020-05-19,1.207
2020-05-20,1.196
2020-05-21,1.186
2020-05-22,1.173
2020-05-25,1.181
2020-05-26,1.196
2020-05-27,1.181
2020-05-28,1.177
2020-05-29,1.191
2020-06-01,1.216
2020-06-02,1.208
2020-06-03,1.205
2020-06-04,1.203
2020-06-05,1.201
2020-06-08,1.2
2020-06-09,1.208
2020-06-10,1.218
2020-06-11,1.219
2020-06-12,1.227
2020-06-15,1.215
2020-06-16,1.238
2020-06-17,1.239
2020-06-18,1.235
2020-06-19,1.259
2020-06-22,1.266
2020-06-23,1.276
2020-06-24,1.287
2020-06-29,1.278
2020-06-30,1.301
2020-07-01,1.308
2020-07-02,1.313
2020-07-03,1.314
2020-07-06,1.344
2020-07-07,1.378
2020-07-08,1.398
2020-07-09,1.431
2020-07-10,1.424
2020-07-13,1.463
2020-07-14,1.448
2020-07-15,1.43
2020-07-16,1.368
2020-07-17,1.385
2020-07-20,1.408
2020-07-21,1.425
2020-07-22,1.433
2020-07-23,1.446
2020-07-24,1.382
2020-07-27,1.382
2020-07-28,1.4
2020-07-29,1.435
2020-07-30,1.434
2020-07-31,1.461
2020-08-03,1.486
2020-08-04,1.471
2020-08-05,1.497
2020-08-06,1.481
2020-08-07,1.474
2020-08-10,1.457
2020-08-11,1.442
2020-08-12,1.408
2020-08-13,1.405
2020-08-14,1.421
2020-08-17,1.439
2020-08-18,1.452
2020-08-19,1.424
2020-08-20,1.407
2020-08-21,1.425
2020-08-24,1.428
2020-08-25,1.424
2020-08-26,1.394
2020-08-27,1.409
2020-08-28,1.431
2020-08-31,1.432
2020-09-01,1.442
2020-09-02,1.446
2020-09-03,1.437
2020-09-04,1.43
2020-09-07,1.4
2020-09-08,1.4
2020-09-09,1.362
2020-09-10,1.366
2020-09-11,1.387
2020-09-14,1.396
2020-09-15,1.413
2020-09-16,1.403
2020-09-17,1.398
2020-09-18,1.423
2020-09-21,1.413
2020-09-22,1.399
2020-09-23,1.412
2020-09-24,1.387
2020-09-25,1.388
2020-09-28,1.384
2020-09-29,1.387
2020-09-30,1.386
2020-10-09,1.424
2020-10-12,1.465
2020-10-13,1.473
2020-10-14,1.465
2020-10-15,1.45
2020-10-16,1.44
2020-10-19,1.428
2020-10-20,1.445
2020-10-21,1.435
2020-10-22,1.425
2020-10-23,1.395
2020-10-26,1.4
2020-10-27,1.405
2020-10-28,1.411
2020-10-29,1.42
2020-10-30,1.399
2020-11-02,1.404
2020-11-03,1.415
2020-11-04,1.42
2020-11-05,1.438
2020-11-06,1.424
2020-11-09,1.446
2020-11-10,1.428
2020-11-11,1.415
2020-11-12,1.412
2020-11-13,1.412
2020-11-16,1.42
2020-11-17,1.415
2020-11-18,1.407
2020-11-19,1.421
2020-11-20,1.42
2020-11-23,1.428
2020-11-24,1.416
2020-11-25,1.395
2020-11-26,1.397
2020-11-27,1.407
2020-11-30,1.401
2020-12-01,1.417
2020-12-02,1.417
2020-12-03,1.418
2020-12-04,1.422
2020-12-07,1.407
2020-12-08,1.399
2020-12-09,1.382
2020-12-10,1.379
2020-12-11,1.362
2020-12-14,1.368
2020-12-15,1.368
2020-12-16,1.366
2020-12-17,1.323
2020-12-18,1.316
2020-12-21,1.329
2020-12-22,1.315
2020-12-23,1.326
2020-12-24,1.316
2020-12-25,1.32
2020-12-28,1.322
2020-12-29,1.321
2020-12-30,1.334
2020-12-31,1.359
2021-01-04,1.365
2021-01-05,1.372
2021-01-06,1.379
2021-01-07,1.386
2021-01-08,1.372
2021-01-11,1.362
2021-01-12,1.39
2021-01-13,1.386
2021-01-14,1.356
2021-01-15,1.35
2021-01-18,1.345
2021-01-19,1.328
2021-01-20,1.363
2021-01-21,1.381
2021-01-22,1.417
2021-01-25,1.453
2021-01-26,1.424
2021-01-27,1.411
2021-01-28,1.379
2021-01-29,1.386
2021-02-01,1.405
2021-02-02,1.436
2021-02-03,1.442
2021-02-04,1.439
2021-02-05,1.452
2021-02-08,1.47
2021-02-09,1.498
2021-02-10,1.535
2021-02-18,1.487
2021-02-19,1.482
2021-02-22,1.408
2021-02-23,1.4
2021-02-24,1.351
2021-02-25,1.349
2021-02-26,1.32
2021-03-01,1.336
2021-03-02,1.315
2021-03-03,1.33
2021-03-04,1.281
2021-03-05,1.284
2021-03-08,1.227
2021-03-09,1.203
2021-03-10,1.225
2021-03-11,1.252
2021-03-12,1.256
2021-03-15,1.22
2021-03-16,1.236
2021-03-17,1.248
2021-03-18,1.267
2021-03-19,1.243
2021-03-22,1.253
2021-03-23,1.25
2021-03-24,1.245
2021-03-25,1.252
2021-03-26,1.287
2021-03-29,1.292
2021-03-30,1.304
2021-03-31,1.295
2021-04-01,1.313
2021-04-02,1.335
2021-04-06,1.327
2021-04-07,1.318
2021-04-08,1.334
2021-04-09,1.316
2021-04-12,1.296
2021-04-13,1.301
2021-04-14,1.31
2021-04-15,1.299
2021-04-16,1.299
2021-04-19,1.321
2021-04-20,1.331
2021-04-21,1.346
2021-04-22,1.348
2021-04-23,1.365
2021-04-26,1.358
2021-04-27,1.38
2021-04-28,1.399
2021-04-29,1.401
2021-04-30,1.401
2021-05-06,1.371
2021-05-07,1.335
2021-05-10,1.344
2021-05-11,1.362
2021-05-12,1.38
2021-05-13,1.381
2021-05-14,1.399
2021-05-17,1.432
2021-05-18,1.422
2021-05-19,1.414
2021-05-20,1.424
2021-05-21,1.413
2021-05-24,1.415
2021-05-25,1.453
2021-05-26,1.448
2021-05-27,1.46
2021-05-28,1.444
2021-05-31,1.458
2021-06-01,1.472
2021-06-02,1.442
2021-06-03,1.437
2021-06-04,1.444
2021-06-07,1.446
2021-06-08,1.43
2021-06-09,1.429
2021-06-10,1.44
2021-06-11,1.436
2021-06-15,1.427
2021-06-16,1.396
2021-06-17,1.403
2021-06-18,1.407
2021-06-21,1.422
2021-06-22,1.438
2021-06-23,1.435
2021-06-24,1.421
2021-06-25,1.444
2021-06-28,1.463
2021-06-29,1.448
2021-06-30,1.449
2021-07-01,1.465
2021-07-02,1.41
2021-07-05,1.406
2021-07-06,1.374
2021-07-07,1.403
2021-07-08,1.379
2021-07-09,1.371
2021-07-12,1.395
2021-07-13,1.402
2021-07-14,1.411
2021-07-15,1.42
2021-07-16,1.393
2021-07-19,1.41
2021-07-20,1.411
2021-07-21,1.423
2021-07-22,1.394
2021-07-23,1.358
2021-07-26,1.302
2021-07-27,1.27
2021-07-28,1.295
2021-07-29,1.319
2021-07-30,1.295
2021-08-02,1.319
2021-08-03,1.344
2021-08-04,1.346
2021-08-05,1.345
2021-08-06,1.32
2021-08-09,1.336
2021-08-10,1.35
2021-08-11,1.338
2021-08-12,1.323
2021-08-13,1.317
2021-08-16,1.314
2021-08-17,1.272
2021-08-18,1.276
2021-08-19,1.281
2021-08-20,1.239
2021-08-23,1.257
2021-08-24,1.278
2021-08-25,1.285
2021-08-26,1.253
2021-08-27,1.259
2021-08-30,1.251
2021-08-31,1.232
2021-09-01,1.249
2021-09-02,1.22
2021-09-03,1.223
2021-09-06,1.263
2021-09-07,1.265
2021-09-08,1.256
2021-09-09,1.248
2021-09-10,1.249
2021-09-13,1.242
2021-09-14,1.252
2021-09-15,1.238
2021-09-16,1.238
2021-09-17,1.266
2021-09-22,1.255
2021-09-23,1.253
2021-09-24,1.269
2021-09-27,1.286
2021-09-28,1.28
2021-09-29,1.268
2021-09-30,1.285
2021-10-08,1.281
2021-10-11,1.266
2021-10-12,1.26
2021-10-13,1.285
2021-10-14,1.269
2021-10-15,1.266
2021-10-18,1.244
2021-10-19,1.263
2021-10-20,1.254
2021-10-21,1.255
2021-10-22,1.263
2021-10-25,1.266
2021-10-26,1.26
2021-10-27,1.243
2021-10-28,1.234
2021-10-29,1.251
2021-11-01,1.238
2021-11-02,1.231
2021-11-03,1.228
2021-11-04,1.235
2021-11-05,1.233
2021-11-08,1.221
2021-11-09,1.229
2021-11-10,1.226
2021-11-11,1.237
2021-11-12,1.234
2021-11-15,1.245
2021-11-16,1.267
2021-11-17,1.268
2021-11-18,1.253
2021-11-19,1.259
2021-11-22,1.261
2021-11-23,1.263
2021-11-24,1.281
2021-11-25,1.275
2021-11-26,1.276
2021-11-29,1.279
2021-11-30,1.27
2021-12-01,1.262
2021-12-02,1.257
2021-12-03,1.266
2021-12-06,1.257
2021-12-07,1.262
2021-12-08,1.284
2021-12-09,1.304
2021-12-10,1.298
2021-12-13,1.295
2021-12-14,1.291
2021-12-15,1.272
2021-12-16,1.273
2021-12-17,1.208
2021-12-20,1.189
2021-12-21,1.197
2021-12-22,1.204
2021-12-23,1.206
2021-12-24,1.205
2021-12-27,1.207
2021-12-28,1.217
2021-12-29,1.205
2021-12-30,1.212
2021-12-31,1.209
2022-01-04,1.185
2022-01-05,1.158
2022-01-06,1.148
2022-01-07,1.135
2022-01-10,1.136
2022-01-11,1.121
2022-01-12,1.138
2022-01-13,1.123
2022-01-14,1.123
2022-01-17,1.135
2022-01-18,1.138
2022-01-19,1.117
2022-01-20,1.101
2022-01-21,1.084
2022-01-24,1.093
2022-01-25,1.078
2022-01-26,1.072
2022-01-27,1.056
2022-01-28,1.052
2022-02-07,1.053
2022-02-08,1.043
2022-02-09,1.054
2022-02-10,1.048
2022-02-11,1.031
2022-02-14,1.032
2022-02-15,1.051
2022-02-16,1.047
2022-02-17,1.051
2022-02-18,1.048
2022-02-21,1.048
2022-02-22,1.035
2022-02-23,1.055
2022-02-24,1.056
2022-02-25,1.066
2022-02-28,1.07
2022-03-01,1.079
2022-03-02,1.072
2022-03-03,1.058
2022-03-04,1.052
2022-03-07,1.034
2022-03-08,1.008
2022-03-09,0.999
2022-03-10,1.019
2022-03-11,1.026
2022-03-14,1.016
2022-03-15,0.986
2022-03-16,1.01
2022-03-17,1.025
2022-03-18,1.022
2022-03-21,1.033
2022-03-22,1.027
2022-03-23,1.043
2022-03-24,1.045
2022-03-25,1.031
2022-03-28,1.025
2022-03-29,1.028
2022-03-30,1.039
2022-03-31,1.026
2022-04-01,1.024
2022-04-06,1.009
2022-04-07,1.0
2022-04-08,0.995
2022-04-11,0.973
2022-04-12,0.979
2022-04-13,0.961
2022-04-14,0.97
2022-04-15,0.964
2022-04-18,0.977
2022-04-19,0.976
2022-04-20,0.96
2022-04-21,0.938
2022-04-22,0.933
2022-04-25,0.891
2022-04-26,0.872
2022-04-27,0.906
2022-04-28,0.908
2022-04-29,0.936
2022-05-05,0.951
2022-05-06,0.937
2022-05-09,0.946
2022-05-10,0.956
2022-05-11,0.958
2022-05-12,0.959
2022-05-13,0.962
2022-05-16,0.956
2022-05-17,0.966
2022-05-18,0.961
2022-05-19,0.965
2022-05-20,0.971
2022-05-23,0.97
2022-05-24,0.947
2022-05-25,0.955
2022-05-26,0.966
2022-05-27,0.962
2022-05-30,0.972
2022-05-31,0.982
2022-06-01,0.986
2022-06-02,0.993
2022-06-06,1.015
2022-06-07,1.012
2022-06-08,1.013
2022-06-09,0.998
2022-06-10,1.022
2022-06-13,1.024
2022-06-14,1.013
2022-06-15,1.01
2022-06-16,1.014
2022-06-17,1.023
2022-06-20,1.035
2022-06-21,1.023
2022-06-22,1.013
2022-06-23,1.04
2022-06-24,1.066
2022-06-27,1.074
2022-06-28,1.086
2022-06-29,1.062
2022-06-30,1.073
2022-07-01,1.069
2022-07-04,1.097
2022-07-05,1.093
2022-07-06,1.085
2022-07-07,1.101
2022-07-08,1.086
2022-07-11,1.077
2022-07-12,1.059
2022-07-13,1.057
2022-07-14,1.075
2022-07-15,1.066
2022-07-18,1.061
2022-07-19,1.053
2022-07-20,1.07
2022-07-21,1.064
2022-07-22,1.061
2022-07-25,1.062
2022-07-26,1.068
2022-07-27,1.073
2022-07-28,1.077
2022-07-29,1.065
2022-08-01,1.073
2022-08-02,1.065
2022-08-03,1.077
2022-08-04,1.073
2022-08-05,1.073
2022-08-08,1.097
2022-08-09,1.115
2022-08-10,1.119
2022-08-11,1.116
2022-08-12,1.096
2022-08-15,1.103
2022-08-16,1.112
2022-08-17,1.105
2022-08-18,1.124
2022-08-19,1.113
2022-08-22,1.125
2022-08-23,1.129
2022-08-24,1.096
2022-08-25,1.088
2022-08-26,1.07
2022-08-29,1.079
2022-08-30,1.071
2022-08-31,1.046
2022-09-01,1.044
2022-09-02,1.048
2022-09-05,1.053
2022-09-06,1.076
2022-09-07,1.091
2022-09-08,1.094
2022-09-09,1.088
2022-09-13,1.091
2022-09-14,1.102
2022-09-15,1.076
2022-09-16,1.078
2022-09-19,1.064
2022-09-20,1.065
2022-09-21,1.056
2022-09-22,1.075
2022-09-23,1.067
2022-09-26,1.063
2022-09-27,1.08
2022-09-28,1.058
2022-09-29,1.064
2022-09-30,1.041
2022-10-10,1.025
2022-10-11,1.024
2022-10-12,1.039
2022-10-13,1.052
2022-10-14,1.067
2022-10-17,1.075
2022-10-18,1.087
2022-10-19,1.077
2022-10-20,1.071
2022-10-21,1.067
2022-10-24,1.095
2022-10-25,1.089
2022-10-26,1.089
2022-10-27,1.076
2022-10-28,1.071
2022-10-31,1.086
2022-11-01,1.089
2022-11-02,1.077
2022-11-03,1.085
2022-11-04,1.091
2022-11-07,1.075
2022-11-08,1.069
2022-11-09,1.065
2022-11-10,1.055
2022-11-11,1.059
2022-11-14,1.047
2022-11-15,1.057
2022-11-16,1.048
2022-11-17,1.047
2022-11-18,1.039
2022-11-21,1.047
2022-11-22,1.036
2022-11-23,1.036
2022-11-24,1.034
2022-11-25,1.021
2022-11-28,1.022
2022-11-29,1.022
2022-11-30,1.024
2022-12-01,1.029
2022-12-02,1.026
2022-12-05,1.019
2022-12-06,1.019
2022-12-07,1.016
2022-12-08,1.012
2022-12-09,1.015
2022-12-12,1.018
2022-12-13,1.006
2022-12-14,1.0
2022-12-15,1.0
2022-12-16,0.99
2022-12-19,0.981
2022-12-20,0.979
2022-12-21,0.97
2022-12-22,0.963
2022-12-23,0.956
2022-12-26,0.978
2022-12-27,0.993
2022-12-28,0.989
2022-12-29,1.0
2022-12-30,1.003
2022-12-31,1.003
2023-01-03,1.016
2023-01-04,1.011
2023-01-05,1.022
2023-01-06,1.02
2023-01-09,1.008
2023-01-10,1.008
2023-01-11,0.997
2023-01-12,0.997
2023-01-13,0.988
2023-01-16,1.003
2023-01-17,1.007
2023-01-18,1.003
2023-01-19,1.016
2023-01-20,1.016
2023-01-30,1.031
2023-01-31,1.024
2023-02-01,1.031
2023-02-02,1.024
2023-02-03,1.024
2023-02-06,1.018
2023-02-07,1.012
2023-02-08,1.0
2023-02-09,1.013
2023-02-10,1.003
2023-02-13,1.006
2023-02-14,1.002
2023-02-15,0.997
2023-02-16,0.989
2023-02-17,0.98
2023-02-20,0.985
2023-02-21,0.986
2023-02-22,0.985
2023-02-23,0.99
2023-02-24,0.994
2023-02-27,0.995
2023-02-28,0.996
2023-03-01,0.997
2023-03-02,0.996
2023-03-03,0.996
2023-03-06,1.008
2023-03-07,0.992
2023-03-08,0.994
2023-03-09,0.985
2023-03-10,0.973
2023-03-13,0.972
2023-03-14,0.963
2023-03-15,0.955
2023-03-16,0.946
2023-03-17,0.934
2023-03-20,0.931
2023-03-21,0.947
2023-03-22,0.944
2023-03-23,0.942
2023-03-24,0.939
2023-03-27,0.934
2023-03-28,0.927
2023-03-29,0.924
2023-03-30,0.933
2023-03-31,0.934
2023-04-03,0.941
2023-04-04,0.933
2023-04-06,0.942
2023-04-07,0.952
2023-04-10,0.948
2023-04-11,0.942
2023-04-12,0.937
2023-04-13,0.936
2023-04-14,0.945
2023-04-17,0.944
2023-04-18,0.942
2023-04-19,0.943
2023-04-20,0.941
2023-04-21,0.933
2023-04-24,0.928
2023-04-25,0.914
2023-04-26,0.922
2023-04-27,0.937
2023-04-28,0.935
2023-05-04,0.931
2023-05-05,0.921
2023-05-08,0.922
2023-05-09,0.908
2023-05-10,0.906
2023-05-11,0.905
2023-05-12,0.898
2023-05-15,0.913
2023-05-16,0.911
2023-05-17,0.918
2023-05-18,0.917
2023-05-19,0.925
2023-05-22,0.927
2023-05-23,0.921
2023-05-24,0.921
2023-05-25,0.922
2023-05-26,0.919
2023-05-29,0.922
2023-05-30,0.92
2023-05-31,0.917
2023-06-01,0.914
2023-06-02,0.914
2023-06-05,0.906
2023-06-06,0.894
2023-06-07,0.887
2023-06-08,0.886
2023-06-09,0.889
2023-06-12,0.888
2023-06-13,0.89
2023-06-14,0.89
2023-06-15,0.905
2023-06-16,0.913
2023-06-19,0.913
2023-06-20,0.928
2023-06-21,0.916
2023-06-26,0.904
2023-06-27,0.911
2023-06-28,0.917
2023-06-29,0.923
2023-06-30,0.938
2023-07-03,0.939
2023-07-04,0.943
2023-07-05,0.932
2023-07-06,0.923
2023-07-07,0.917
2023-07-10,0.919
2023-07-11,0.925
2023-07-12,0.914
2023-07-13,0.917
2023-07-14,0.909
2023-07-17,0.907
2023-07-18,0.913
2023-07-19,0.904
2023-07-20,0.896
2023-07-21,0.896
2023-07-24,0.894
2023-07-25,0.903
2023-07-26,0.901
2023-07-27,0.891
2023-07-28,0.895
2023-07-31,0.892
2023-08-01,0.898
2023-08-02,0.898
2023-08-03,0.895
2023-08-04,0.897
2023-08-07,0.895
2023-08-08,0.898
2023-08-09,0.9
2023-08-10,0.895
2023-08-11,0.889
2023-08-14,0.891
2023-08-15,0.887
2023-08-16,0.879
2023-08-17,0.895
2023-08-18,0.892
2023-08-21,0.881
2023-08-22,0.89
2023-08-23,0.876
2023-08-24,0.88
2023-08-25,0.875
2023-08-28,0.878
2023-08-29,0.899
2023-08-30,0.902
2023-08-31,0.895
2023-09-01,0.891
2023-09-04,0.898
2023-09-05,0.895
2023-09-06,0.905
2023-09-07,0.898
2023-09-08,0.909
2023-09-11,0.901
2023-09-12,0.899
2023-09-13,0.891
2023-09-14,0.889
2023-09-15,0.888
2023-09-18,0.89
2023-09-19,0.88
2023-09-20,0.875
2023-09-21,0.869
2023-09-22,0.879
2023-09-25,0.875
2023-09-26,0.869
2023-09-27,0.874
2023-09-28,0.878
2023-10-09,0.878
2023-10-10,0.869
2023-10-11,0.859
2023-10-12,0.857
2023-10-13,0.849
2023-10-16,0.843
2023-10-17,0.846
2023-10-18,0.839
2023-10-19,0.829
2023-10-20,0.82
2023-10-23,0.814
2023-10-24,0.814
2023-10-25,0.818
2023-10-26,0.82
2023-10-27,0.825
2023-10-30,0.829
2023-10-31,0.826
2023-11-01,0.824
2023-11-02,0.815
2023-11-03,0.82
2023-11-06,0.829
2023-11-07,0.824
2023-11-08,0.823
2023-11-09,0.822
2023-11-10,0.818
2023-11-13,0.832
2023-11-14,0.836
2023-11-15,0.836
2023-11-16,0.827
2023-11-17,0.831
2023-11-20,0.841
2023-11-21,0.833
2023-11-22,0.826
2023-11-23,0.835
2023-11-24,0.824
2023-11-27,0.826
2023-11-28,0.833
2023-11-29,0.827
2023-11-30,0.822
2023-12-01,0.814
2023-12-04,0.817
2023-12-05,0.805
2023-12-06,0.805
2023-12-07,0.799
2023-12-08,0.79
2023-12-11,0.804
2023-12-12,0.806
2023-12-13,0.799
2023-12-14,0.796
2023-12-15,0.789
2023-12-18,0.78
2023-12-19,0.769
2023-12-20,0.757
2023-12-21,0.761
2023-12-22,0.767
2023-12-25,0.773
2023-12-26,0.766
2023-12-27,0.767
2023-12-28,0.775
2023-12-29,0.781
2023-12-31,0.781
2024-01-02,0.775
2024-01-03,0.769
2024-01-04,0.762
2024-01-05,0.751
2024-01-08,0.74
2024-01-09,0.74
2024-01-10,0.734
2024-01-11,0.739
2024-01-12,0.735
2024-01-15,0.733
2024-01-16,0.733
2024-01-17,0.719
2024-01-18,0.726
2024-01-19,0.722
2024-01-22,0.704
2024-01-23,0.709
2024-01-24,0.711
2024-01-25,0.719
2024-01-26,0.71
2024-01-29,0.699
2024-01-30,0.688
2024-01-31,0.676
2024-02-01,0.678
2024-02-02,0.665
2024-02-05,0.661
2024-02-06,0.688
2024-02-07,0.703
2024-02-08,0.711
2024-02-19,0.713
2024-02-20,0.713
2024-02-21,0.715
2024-02-22,0.719
2024-02-23,0.721
2024-02-26,0.725
2024-02-27,0.74
2024-02-28,0.721
2024-02-29,0.741
2024-03-01,0.749
2024-03-04,0.752
2024-03-05,0.752
2024-03-06,0.749
2024-03-07,0.737
2024-03-08,0.745
2024-03-11,0.753
2024-03-12,0.756
2024-03-13,0.757
2024-03-14,0.755
2024-03-15,0.758
2024-03-18,0.769
2024-03-19,0.766
2024-03-20,0.765
2024-03-21,0.764
2024-03-22,0.76
2024-03-25,0.75
2024-03-26,0.747
2024-03-27,0.731
2024-03-28,0.739
2024-03-29,0.74
2024-04-01,0.75
2024-04-02,0.742
2024-04-03,0.736
2024-04-08,0.728
2024-04-09,0.732
2024-04-10,0.723
2024-04-11,0.723
2024-04-12,0.726
2024-04-15,0.732
2024-04-16,0.719
2024-04-17,0.734
2024-04-18,0.73
2024-04-19,0.725
2024-04-22,0.726
2024-04-23,0.724
2024-04-24,0.734
2024-04-25,0.731
2024-04-26,0.743
2024-04-29,0.757
2024-04-30,0.754
2024-05-06,0.763
2024-05-07,0.765
2024-05-08,0.757
2024-05-09,0.768
2024-05-10,0.763
2024-05-13,0.761
2024-05-14,0.759
2024-05-15,0.755
2024-05-16,0.755
2024-05-17,0.76
2024-05-20,0.764
2024-05-21,0.762
2024-05-22,0.759
2024-05-23,0.752
2024-05-24,0.744
2024-05-27,0.752
2024-05-28,0.747
2024-05-29,0.745
2024-05-30,0.747
2024-05-31,0.749
2024-06-03,0.753
2024-06-04,0.762
2024-06-05,0.76
2024-06-06,0.757
2024-06-07,0.753
2024-06-11,0.76
2024-06-12,0.76
2024-06-13,0.764
2024-06-14,0.768
2024-06-17,0.777
2024-06-18,0.778
2024-06-19,0.772
2024-06-20,0.766
2024-06-21,0.768
2024-06-24,0.76
2024-06-25,0.75
2024-06-26,0.761
2024-06-27,0.752
2024-06-28,0.762
2024-06-30,0.762
2024-07-01,0.763
2024-07-02,0.754
2024-07-03,0.751
2024-07-04,0.748
2024-07-05,0.753
2024-07-08,0.748
2024-07-09,0.764
2024-07-10,0.766
2024-07-11,0.771
2024-07-12,0.767
2024-07-15,0.763
2024-07-16,0.771
2024-07-17,0.762
2024-07-18,0.765
2024-07-19,0.768
2024-07-22,0.769
2024-07-23,0.749
2024-07-24,0.745
2024-07-25,0.741
2024-07-26,0.75
2024-07-29,0.748
2024-07-30,0.744
2024-07-31,0.76
2024-08-01,0.758
2024-08-02,0.746
2024-08-05,0.73
2024-08-06,0.739
2024-08-07,0.739
2024-08-08,0.735
2024-08-09,0.734
2024-08-12,0.732
2024-08-13,0.735
2024-08-14,0.728
2024-08-15,0.729
2024-08-16,0.73
2024-08-19,0.728
2024-08-20,0.723
2024-08-21,0.723
2024-08-22,0.72
2024-08-23,0.72
2024-08-26,0.716
2024-08-27,0.713
2024-08-28,0.717
2024-08-29,0.722
2024-08-30,0.733
2024-09-02,0.724
2024-09-03,0.73
2024-09-04,0.728
2024-09-05,0.73
2024-09-06,0.72
2024-09-09,0.718
2024-09-10,0.721
2024-09-11,0.723
2024-09-12,0.718
2024-09-13,0.715
2024-09-18,0.712
2024-09-19,0.713
2024-09-20,0.71
2024-09-23,0.708
2024-09-24,0.727
2024-09-25,0.73
2024-09-26,0.752
2024-09-27,0.778
2024-09-30,0.841
2024-10-08,0.901
2024-10-09,0.853
2024-10-10,0.847
2024-10-11,0.821
2024-10-14,0.836
2024-10-15,0.824
2024-10-16,0.816
2024-10-17,0.819
2024-10-18,0.848
2024-10-21,0.858
2024-10-22,0.861
2024-10-23,0.856
2024-10-24,0.849
2024-10-25,0.854
2024-10-28,0.852
2024-10-29,0.845
2024-10-30,0.842
2024-10-31,0.839
2024-11-01,0.83
2024-11-04,0.842
2024-11-05,0.861
2024-11-06,0.858
2024-11-07,0.867
2024-11-08,0.874
2024-11-11,0.886
2024-11-12,0.878
2024-11-13,0.875
2024-11-14,0.854
2024-11-15,0.839
2024-11-18,0.829
2024-11-19,0.839
2024-11-20,0.847
2024-11-21,0.845
2024-11-22,0.824
2024-11-25,0.817
2024-11-26,0.818
2024-11-27,0.834
2024-11-28,0.832
2024-11-29,0.84
2024-12-02,0.847
2024-12-03,0.844
2024-12-04,0.837
2024-12-05,0.839
2024-12-06,0.846
2024-12-09,0.841
2024-12-10,0.843
2024-12-11,0.843
2024-12-12,0.852
2024-12-13,0.84
2024-12-16,0.831
2024-12-17,0.832
2024-12-18,0.836
2024-12-19,0.839
2024-12-20,0.841
2024-12-23,0.83
2024-12-24,0.835
2024-12-25,0.834
2024-12-26,0.844
2024-12-27,0.84
2024-12-30,0.836
2024-12-31,0.822
2025-01-02,0.803
2025-01-03,0.794
2025-01-06,0.793
2025-01-07,0.804
2025-01-08,0.799
2025-01-09,0.808
2025-01-10,0.801
2025-01-13,0.798
2025-01-14,0.82
2025-01-15,0.808
2025-01-16,0.81
2025-01-17,0.821
2025-01-20,0.827
2025-01-21,0.832
2025-01-22,0.83
2025-01-23,0.823
2025-01-24,0.834
2025-01-27,0.821
2025-02-05,0.823
2025-02-06,0.846
2025-02-07,0.853
2025-02-10,0.856
2025-02-11,0.85
2025-02-12,0.858
2025-02-13,0.846
2025-02-14,0.85
2025-02-17,0.858
2025-02-18,0.848
2025-02-19,0.866
2025-02-20,0.877
2025-02-21,0.896
2025-02-24,0.892
2025-02-25,0.889
2025-02-26,0.901
2025-02-27,0.895
2025-02-28,0.865
2025-03-03,0.865
2025-03-04,0.876
2025-03-05,0.88
2025-03-06,0.9
2025-03-07,0.9
2025-03-10,0.902
2025-03-11,0.902
2025-03-12,0.898
2025-03-13,0.888
2025-03-14,0.898
2025-03-17,0.896
2025-03-18,0.9
2025-03-19,0.891
2025-03-20,0.887
2025-03-21,0.871
2025-03-24,0.87
2025-03-25,0.867
2025-03-26,0.868
2025-03-27,0.873
2025-03-28,0.867
2025-03-31,0.861
2025-04-01,0.869
2025-04-02,0.867
2025-04-03,0.858
2025-04-07,0.793
2025-04-08,0.793
2025-04-09,0.81
2025-04-10,0.825
2025-04-11,0.835
2025-04-14,0.838
2025-04-15,0.831
2025-04-16,0.827
2025-04-17,0.828
2025-04-18,0.825
2025-04-21,0.837
2025-04-22,0.835
2025-04-23,0.837
2025-04-24,0.83
2025-04-25,0.832
2025-04-28,0.83
2025-04-29,0.833
2025-04-30,0.839
2025-05-06,0.852
2025-05-07,0.852
2025-05-08,0.856
2025-05-09,0.841
2025-05-12,0.851
2025-05-13,0.846
2025-05-14,0.846
2025-05-15,0.831
2025-05-16,0.833
2025-05-19,0.832
2025-05-20,0.834
2025-05-21,0.834
2025-05-22,0.828
2025-05-23,0.819
2025-05-26,0.823
2025-05-27,0.815
2025-05-28,0.812
2025-05-29,0.828
2025-05-30,0.82
2025-06-03,0.824
2025-06-04,0.828
2025-06-05,0.837
2025-06-06,0.835
2025-06-09,0.84
2025-06-10,0.829
2025-06-11,0.831
2025-06-12,0.83
2025-06-13,0.824
2025-06-16,0.828
2025-06-17,0.824
2025-06-18,0.83
2025-06-19,0.825
2025-06-20,0.817
2025-06-23,0.824
2025-06-24,0.837
2025-06-25,0.854
2025-06-26,0.848
2025-06-27,0.852
2025-06-30,0.868
2025-07-01,0.868
2025-07-02,0.852
2025-07-03,0.856
2025-07-04,0.858
2025-07-07,0.852
2025-07-08,0.866
2025-07-09,0.863
2025-07-10,0.862
2025-07-11,0.87
2025-07-14,0.867
2025-07-15,0.881
2025-07-16,0.882
2025-07-17,0.896
2025-07-18,0.898
2025-07-21,0.905
2025-07-22,0.906
2025-07-23,0.907
2025-07-24,0.919
2025-07-25,0.927
2025-07-28,0.936
2025-07-29,0.949
2025-07-30,0.94
2025-07-31,0.94
2025-08-01,0.936
2025-08-04,0.942
2025-08-05,0.941
2025-08-06,0.946
2025-08-07,0.942
2025-08-08,0.927
2025-08-11,0.935
2025-08-12,0.938
2025-08-13,0.959
2025-08-14,0.948
2025-08-15,0.968
2025-08-18,0.987
2025-08-19,0.982
2025-08-20,0.988
2025-08-21,0.989
2025-08-22,1.025
2025-08-25,1.042
2025-08-26,1.034
2025-08-27,1.027
2025-08-28,1.064
2025-08-29,1.061
2025-09-01,1.075
2025-09-02,1.048
2025-09-03,1.045
2025-09-04,0.995
2025-09-05,1.03
2025-09-08,1.029
2025-09-09,1.013
2025-09-10,1.02
2025-09-11,1.058
2025-09-12,1.056
2025-09-15,1.064
2025-09-16,1.074
2025-09-17,1.09
2025-09-18,1.099
2025-09-19,1.085
2025-09-22,1.092
2025-09-23,1.091
2025-09-24,1.11
2025-09-25,1.115
2025-09-26,1.095
2025-09-29,1.112
2025-09-30,1.127
2025-10-09,1.138
2025-10-10,1.098
2025-10-13,1.097
2025-10-14,1.052
2025-10-15,1.072
2025-10-16,1.066
2025-10-17,1.038
2025-10-20,1.047
2025-10-21,1.067
2025-10-22,1.062
2025-10-23,1.055
2025-10-24,1.089
2025-10-27,1.106
2025-10-28,1.107
2025-10-29,1.117
2025-10-30,1.097
2025-10-31,1.082
2025-11-03,1.08
2025-11-04,1.067
2025-11-05,1.063
2025-11-06,1.086
2025-11-07,1.072
2025-11-10,1.062
2025-11-11,1.047
2025-11-12,1.047
2025-11-13,1.055
2025-11-14,1.034
2025-11-17,1.035
2025-11-18,1.036
2025-11-19,1.032
2025-11-20,1.021
2025-11-21,0.996
2025-11-24,1.007
2025-11-25,1.016
2025-11-26,1.027
2025-11-27,1.022
2025-11-28,1.031
2025-12-01,1.042
2025-12-02,1.032
2025-12-03,1.022
2025-12-04,1.035
2025-12-05,1.042
2025-12-08,1.058
2025-12-09,1.059
2025-12-10,1.059
2025-12-11,1.047
2025-12-12,1.06
2025-12-15,1.043
2025-12-16,1.027
2025-12-17,1.051
2025-12-18,1.037
2025-12-19,1.039
2025-12-22,1.061
2025-12-23,1.064
2025-12-24,1.076
2025-12-25,1.084
2025-12-26,1.079
2025-12-29,1.08
2025-12-30,1.09
2025-12-31,1.083
2026-01-05,1.119
2026-01-06,1.133
2026-01-07,1.153
2026-01-08,1.154
2026-01-09,1.164
2026-01-12,1.183
2026-01-13,1.162
2026-01-14,1.168
2026-01-15,1.178
2026-01-16,1.195
2026-01-19,1.195
2026-01-20,1.176
2026-01-21,1.194
2026-01-22,1.193
2026-01-23,1.195
2026-01-26,1.172
2026-01-27,1.19
2026-01-28,1.202
2026-01-29,1.173
2026-01-30,1.167
2026-02-02,1.118
2026-02-03,1.145
2026-02-04,1.134
2026-02-05,1.122
2026-02-06,1.117
2026-02-09,1.147
2026-02-10,1.149
2026-02-11,1.137
2026-02-12,1.15
2026-02-13,1.143
2026-02-24,1.143
2026-02-25,1.156
2026-02-26,1.163
2026-02-27,1.151
2026-03-02,1.147
2026-03-03,1.097
2026-03-04,1.092
2026-03-05,1.11
2026-03-06,1.113
2026-03-09,1.095
2026-03-10,1.116
2026-03-11,1.108
2026-03-12,1.094
2026-03-13,1.079
2026-03-16,1.086
2026-03-17,1.063
2026-03-18,1.083
2026-03-19,1.055
2026-03-20,1.049
2026-03-23,1.011
2026-03-24,1.028
2026-03-25,1.051
2026-03-26,1.031
2026-03-27,1.04
2026-03-30,1.042
2026-03-31,1.02
2026-04-01,1.046
2026-04-02,1.027
2026-04-03,1.022
2026-04-07,1.026
2026-04-08,1.077
2026-04-09,1.077
2026-04-10,1.091
2026-04-13,1.088
2026-04-14,1.106
2026-04-15,1.103
2026-04-16,1.118
2026-04-17,1.121
2026-04-20,1.127
2026-04-21,1.121
2026-04-22,1.139
2026-04-23,1.127
2026-04-24,1.129
2026-04-27,1.153
2026-04-28,1.142
2026-04-29,1.147
2026-04-30,1.171
2026-05-06,1.196
2026-05-07,1.214
2026-05-08,1.196
2026-05-11,1.227
2026-05-12,1.242
2026-05-13,1.267
2026-05-14,1.239
2026-05-15,1.246
2026-05-18,1.251
2026-05-19,1.274
2026-05-20,1.319
2026-05-21,1.287
2026-05-22,1.309
2026-05-25,1.367
2026-05-26,1.364
2026-05-27,1.333
2026-05-28,1.356
2026-05-29,1.308
2026-06-01,1.256
2026-06-02,1.289
2026-06-03,1.318
2026-06-04,1.328
2026-06-05,1.276
2026-06-08,1.24
2026-06-09,1.291
2026-06-10,1.274
2026-06-11,1.286
2026-06-12,1.286
2026-06-15,1.345
2026-06-16,1.358
2026-06-17,1.407
2026-06-18,1.447
2026-06-22,1.469
2026-06-23,1.45
2026-06-24,1.5
2026-06-25,1.538
2026-06-26,1.523
2026-06-29,1.578
2026-06-30,1.637
2026-07-01,1.596
2026-07-02,1.481
2026-07-03,1.466
2026-07-06,1.473
2026-07-07,1.487
2026-07-08,1.514
2026-07-09,1.619
2026-07-10,1.527
2026-07-13,1.491
2026-07-14,1.51
2026-07-15,1.46
2026-07-16,1.403
2026-07-17,1.319
2026-07-20,1.306
2026-07-21,1.445
2026-07-22,1.417
2026-07-23,1.369
2026-07-24,1.372
2026-07-27,1.398
2026-07-28,1.308
2026-07-29,1.304
2026-07-30,1.221
2026-07-31,1.254
2026-08-03,1.195
2026-08-04,1.257
2026-08-05,1.3
2026-08-06,1.315
2026-08-07,1.342
2026-08-10,1.339
2026-08-11,1.328
2026-08-12,1.354
2026-08-13,1.343
2026-08-14,1.348
2026-08-17,1.403
2026-08-18,1.409
2026-08-19,1.319
2026-08-20,1.323
2026-08-21,1.329
2026-08-24,1.297
2026-08-25,1.287
2026-08-26,1.306
2026-08-27,1.34
2026-08-28,1.318
2026-08-31,1.331
2026-09-01,1.299
2026-09-02,1.279
2026-09-03,1.27
2026-09-04,1.239
2026-09-07,1.283
2026-09-08,1.27
2026-09-09,1.268
2026-09-10,1.262
2026-09-11,1.254
2026-09-14,1.235
2026-09-15,1.25
2026-09-16,1.296
2026-09-17,1.298
2026-09-18,1.333
2026-09-21,1.332
2026-09-22,1.327
